0.174149659,220.918
0.179954648,222.509
0.185759637,226.312
0.191564625,228.405
0.197369614,229.069
0.203174603,229.755
0.208979591,230.487
0.214784580,230.562
0.220589569,230.76
0.226394557,231.083
0.232199546,230.913
0.238004535,231.191
0.243809523,231.405
0.249614512,231.578
0.255419501,231.883
0.261224489,231.951
0.267029478,232
0.272834467,232.109
0.278639455,231.983
0.284444444,232.148
0.290249433,232.345
0.296054421,232.572
0.301859410,233.035
0.307664399,233.189
0.313469387,233.37
0.319274376,233.482
0.325079365,233.598
0.330884353,233.78
0.336689342,233.847
0.342494331,233.89
0.348299319,233.928
0.354104308,233.905
0.359909297,233.925
0.365714285,233.956
0.371519274,233.852
0.377324263,233.781
0.383129251,233.757
0.388934240,233.418
0.394739229,233.15
0.400544217,232.853
0.406349206,232.518
0.412154195,232.35
0.417959183,232.181
0.423764172,232.209
0.429569160,232.282
0.435374149,232.447
0.441179138,232.575
0.446984126,232.778
0.452789115,232.958
0.458594104,233.106
0.464399092,233.385
0.470204081,233.577
0.476009070,233.798
0.481814058,233.998
0.487619047,234.126
0.493424036,234.24
0.499229024,234.26
0.505034013,234.206
0.510839002,234.139
0.516643990,234.059
0.522448979,234.031
0.528253968,234.007
0.534058956,234.048
0.539863945,234.09
0.545668934,234.147
0.551473922,234.187
0.557278911,234.176
0.563083900,234.174
0.568888888,234.128
0.574693877,234.042
0.580498866,233.941
0.586303854,233.578
0.592108843,232.77
0.597913832,231.858
0.603718820,230.74
0.609523809,228.591
0.615328798,226.259
0.621133786,225.03
0.626938775,223.864
0.632743764,222.613
0.638548752,221.839
0.644353741,221.005
0.650158730,220.267
0.655963718,220.06
0.661768707,220.636
0.667573696,221.056
0.673378684,221.49
0.679183673,221.871
0.684988662,222.119
0.690793650,222.171
0.696598639,222.074
0.702403628,221.912
0.708208616,221.095
0.714013605,220.689
0.719818594,219.952
0.725623582,219.628
0.731428571,220.043
0.737233560,220.039
0.743038548,220.361
0.748843537,220.621
0.754648526,220.283
0.760453514,220.271
0.766258503,220.245
0.772063492,220.016
0.777868480,220.375
0.783673469,220.358
0.789478458,220.134
0.795283446,220.01
0.801088435,219.554
0.806893424,219.504
0.812698412,219.791
0.818503401,219.717
0.824308390,219.529
0.830113378,219.055
0.835918367,218.902
0.841723356,219.43
0.847528344,219.875
0.853333333,220.941
0.859138321,221.635
0.864943310,223.007
0.870748299,225.896
0.876553287,225.614
0.882358276,225.392
0.888163265,225.276
0.893968253,224.553
0.899773242,223.651
0.905578231,223.593
0.911383219,223.737
0.917188208,224.086
0.922993197,224.596
0.928798185,225.315
0.934603174,225.476
0.940408163,225.85
0.946213151,227.128
0.952018140,227.232
0.957823129,227.271
0.963628117,227.35
0.969433106,227.178
0.975238095,227.616
0.981043083,226.994
0.986848072,226.696
0.992653061,226.275
0.998458049,225.281
1.004263038,225.325
1.010068027,223.68
1.015873015,223.583
1.021678004,223.508
1.027482993,221.936
1.033287981,224.49
1.039092970,224.761
1.044897959,224.689
1.050702947,225.042
1.056507936,224.941
1.062312925,224.776
1.068117913,225.495
1.073922902,225.77
1.079727891,225.937
1.085532879,226.009
1.091337868,225.97
1.097142857,226.138
1.102947845,225.817
1.108752834,226.474
1.114557823,226.966
1.120362811,226.073
1.126167800,226.366
1.131972789,226.207
1.137777777,225.593
1.143582766,225.849
1.149387755,224.899
1.155192743,223.993
1.160997732,223.583
1.166802721,223.409
1.172607709,223.225
1.178412698,221.991
1.184217687,219.619
1.190022675,217.532
1.195827664,217.688
1.201632653,217.624
1.207437641,217.743
1.213242630,216.156
1.219047619,214.871
1.224852607,213.783
1.230657596,212.488
1.236462585,213.624
1.242267573,215.058
1.248072562,214.745
1.253877551,223.425
1.259682539,221.889
1.265487528,231.695
1.271292517,232.3
1.277097505,227.119
1.282902494,229.141
1.288707482,224.096
1.294512471,226.623
1.300317460,226.855
1.306122448,227.316
1.311927437,227.609
1.317732426,225.308
1.323537414,224.548
1.329342403,224.259
1.335147392,223.844
1.340952380,224.934
1.346757369,226.178
1.352562358,225.39
1.358367346,224.356
1.364172335,222.496
1.369977324,221.692
1.375782312,218.558
1.381587301,218.834
1.387392290,219.33
1.393197278,220.287
1.399002267,220.864
1.404807256,221.461
1.410612244,219.782
1.416417233,217.974
1.422222222,216.129
1.428027210,211.274
1.433832199,215.298
1.439637188,219.256
1.445442176,217.082
1.451247165,222.627
1.457052154,223.36
1.462857142,218.544
1.486077097,153.759
1.491882086,155.265
1.497687074,155.531
1.503492063,156.076
1.509297052,156.397
1.515102040,156.398
1.520907029,156.522
1.526712018,156.586
1.532517006,156.317
1.538321995,156.412
1.544126984,156.716
1.549931972,156.428
1.555736961,156.245
1.561541950,156.459
1.567346938,155.403
1.573151927,155.899
1.578956916,156.215
1.584761904,155.967
1.590566893,156.788
1.596371882,156.322
1.602176870,156.132
1.607981859,156.314
1.613786848,156.461
1.619591836,155.192
1.625396825,156.742
1.631201814,155.09
1.637006802,154.675
1.642811791,155.326
1.648616780,153.828
1.654421768,154.394
1.660226757,154.682
1.666031746,155.059
1.671836734,154.124
1.677641723,153.888
1.683446712,153.455
1.689251700,154.443
1.695056689,154.79
1.700861678,156.718
1.706666666,157.583
1.712471655,155.745
1.718276643,153.82
1.753106575,98.5979
1.758911564,98.7182
1.764716553,98.7144
1.770521541,98.6412
1.776326530,98.4848
1.782131519,98.3918
1.787936507,98.4319
1.793741496,98.2813
1.799546485,98.4502
1.805351473,98.5725
1.811156462,98.6583
1.816961451,98.752
1.822766439,98.7131
1.828571428,98.6355
1.834376417,98.3121
1.840181405,98.2483
1.845986394,98.2342
1.851791383,98.2145
1.857596371,98.5444
1.863401360,98.7568
1.869206349,98.665
1.875011337,98.4103
1.880816326,98.0968
1.886621315,98.1223
1.892426303,98.2784
1.898231292,98.4994
1.904036281,98.7283
1.909841269,98.602
1.915646258,98.5572
1.921451247,98.3326
1.927256235,98.2474
1.933061224,98.2709
1.938866213,98.3098
1.944671201,98.6489
1.950476190,98.6116
1.956281179,98.6164
1.962086167,98.4189
1.967891156,98.2139
1.973696145,98.0939
1.979501133,98.168
1.985306122,98.5722
1.991111111,98.4701
1.996916099,98.4266
2.002721088,98.0867
2.008526077,97.871
2.014331065,98.2426
2.020136054,98.4599
2.025941043,98.8358
2.031746031,98.7447
2.037551020,98.4769
2.043356009,98.0751
2.049160997,98.1127
2.054965986,98.3203
2.060770975,98.4197
2.066575963,98.6388
2.072380952,98.3875
2.078185941,97.9414
2.083990929,97.5521
2.089795918,97.6799
2.095600907,98.5021
2.101405895,98.9015
2.107210884,99.3779
2.113015873,99.4586
2.118820861,98.1916
2.124625850,95.2546
2.130430839,92.2694
2.136235827,88.4429
2.142040816,88.0036
2.147845804,87.156
2.153650793,86.7006
2.159455782,87.0159
2.165260770,87.7108
2.171065759,88.0187
2.176870748,88.2144
2.182675736,88.1969
2.188480725,87.3844
2.194285714,87.194
2.200090702,87.258
2.205895691,86.5635
2.211700680,86.9904
2.217505668,87.3873
2.223310657,87.4245
2.229115646,87.7407
2.234920634,87.7179
2.240725623,87.3043
2.246530612,87.053
2.252335600,87.0806
2.258140589,87.3432
2.263945578,87.445
2.269750566,87.7442
2.275555555,87.6709
2.281360544,87.0328
2.287165532,86.883
2.292970521,86.7895
2.298775510,86.4377
2.304580498,87.0959
2.310385487,87.7935
2.316190476,87.6624
2.321995464,87.7639
2.327800453,87.6438
2.333605442,86.5722
2.339410430,86.344
2.345215419,86.8904
2.351020408,87.1176
2.356825396,88.1142
2.362630385,88.6157
2.368435374,87.9454
2.374240362,87.6808
2.380045351,86.5604
2.385850340,86.3965
2.391655328,87.2242
2.397460317,87.2118
2.403265306,87.8871
2.409070294,87.9915
2.414875283,87.3081
2.420680272,87.2034
2.426485260,86.8217
2.432290249,86.3122
2.438095238,87.1011
2.443900226,87.7056
2.449705215,87.4848
2.455510204,87.8122
2.461315192,86.639
2.467120181,86.215
2.472925170,86.5743
2.478730158,86.3662
2.484535147,88.5522
2.490340136,88.1045
2.496145124,87.9986
2.501950113,88.7534
2.507755102,86.9212
2.513560090,86.8112
2.519365079,88.9139
2.525170068,91.0512
2.530975056,94.6211
2.536780045,94.2726
2.542585034,97.8139
2.548390022,97.8849
2.554195011,97.4571
2.560000000,97.05
2.565804988,96.1937
2.571609977,95.4144
2.577414965,96.3727
2.583219954,95.7386
2.589024943,95.8788
2.594829931,95.2299
2.600634920,94.0931
2.606439909,94.7131
2.612244897,94.4608
2.618049886,96.0684
2.623854875,96.2914
2.629659863,96.4167
2.635464852,96.5034
2.641269841,95.8078
2.647074829,95.5895
2.652879818,95.5662
2.658684807,94.4869
2.664489795,94.5856
2.670294784,95.258
2.676099773,94.6636
2.681904761,100.373
2.687709750,102.479
2.734149659,219.906
2.739954648,220.457
2.745759637,219.903
2.751564625,222.027
2.757369614,221.614
2.763174603,221.943
2.768979591,222.084
2.774784580,220.596
2.780589569,221.019
2.786394557,220.6
2.792199546,221.429
2.798004535,221.193
2.803809523,222.122
2.809614512,222.944
2.815419501,221.392
2.821224489,221.328
2.827029478,220.843
2.832834467,221.858
2.838639455,221.945
2.844444444,221.548
2.850249433,221.796
2.856054421,220.819
2.861859410,220.912
2.867664399,220.301
2.873469387,221.092
2.879274376,220.606
2.885079365,220.782
2.890884353,221.377
2.896689342,220.854
2.902494331,220.77
2.908299319,220.19
2.914104308,220.629
2.919909297,220.431
2.925714285,220.363
2.931519274,221.142
2.937324263,220.928
2.943129251,220.495
2.948934240,219.992
2.954739229,220.016
2.960544217,219.983
2.966349206,220.193
2.972154195,220.866
2.977959183,220.693
2.983764172,220.648
2.989569160,220.041
2.995374149,219.959
3.001179138,219.844
3.006984126,220.106
3.012789115,221.317
3.018594104,221.257
3.024399092,220.92
3.030204081,220.084
3.036009070,219.668
3.041814058,219.45
3.047619047,219.854
3.053424036,220.831
3.059229024,221.007
3.065034013,221.377
3.070839002,220.756
3.076643990,220.444
3.082448979,219.623
3.088253968,219.888
3.094058956,220.814
3.099863945,221.423
3.105668934,221.959
3.111473922,221.116
3.117278911,220.729
3.123083900,219.597
3.128888888,219.851
3.134693877,220.699
3.140498866,221.393
3.146303854,222.03
3.152108843,221.691
3.157913832,221.719
3.163718820,219.82
3.169523809,219.272
3.175328798,219.496
3.181133786,220.234
3.186938775,221.302
3.192743764,221.796
3.198548752,221.607
3.204353741,220.4
3.210158730,220.291
3.215963718,220.049
3.221768707,221.658
3.227573696,221.877
3.233378684,221.989
3.239183673,222.586
3.244988662,220.965
3.250793650,219.662
3.256598639,218.225
3.262403628,218.756
3.268208616,217.581
3.274013605,220.596
3.279818594,220.73
3.285623582,219.638
3.291428571,220.733
3.297233560,218.072
3.303038548,220.265
3.308843537,219.312
3.314648526,219.691
3.320453514,220.864
3.326258503,220.69
3.332063492,220.593
3.337868480,219.002
3.343673469,218.199
3.349478458,215.852
3.372698412,147.758
3.378503401,148.09
3.384308390,146.879
3.390113378,149.69
3.395918367,146.717
3.401723356,148.149
3.407528344,147.704
3.413333333,147.03
3.419138321,148.462
3.424943310,146.492
3.430748299,150.259
3.436553287,147.392
3.442358276,148.274
3.448163265,147.979
3.453968253,146.566
3.459773242,148.088
3.465578231,145.989
3.471383219,149.428
3.477188208,147.129
3.482993197,147.656
3.488798185,147.804
3.494603174,146.37
3.500408163,147.985
3.506213151,146.115
3.512018140,149.044
3.517823129,147.206
3.523628117,147.416
3.529433106,147.956
3.535238095,146.126
3.541043083,147.824
3.546848072,146.482
3.552653061,148.439
3.558458049,147.441
3.564263038,147.21
3.570068027,147.955
3.575873015,146.302
3.581678004,147.975
3.587482993,146.362
3.593287981,148.534
3.599092970,146.97
3.604897959,146.721
3.610702947,148.164
3.616507936,145.751
3.622312925,148.157
3.628117913,146.426
3.633922902,148.168
3.639727891,147.614
3.645532879,146.959
3.651337868,148.583
3.657142857,146.67
3.662947845,148.281
3.668752834,146.752
3.674557823,148.236
3.680362811,146.958
3.686167800,146.996
3.691972789,148.271
3.697777777,146.445
3.703582766,148.463
3.709387755,146.24
3.715192743,148.223
3.720997732,147.055
3.726802721,146.8
3.732607709,148.768
3.738412698,146.484
3.744217687,148.346
3.750022675,146.823
3.755827664,147.45
3.761632653,147.1
3.767437641,146.862
3.773242630,148.103
3.779047619,146.797
3.784852607,147.891
3.790657596,146.984
3.796462585,147.475
3.802267573,147.079
3.808072562,146.765
3.813877551,147.892
3.819682539,146.262
3.825487528,148.328
3.831292517,147.175
3.837097505,147.164
3.842902494,147.695
3.848707482,146.657
3.854512471,147.735
3.860317460,146.977
3.866122448,147.039
3.871927437,146.918
3.877732426,147.238
3.883537414,146.832
3.889342403,146.285
3.895147392,148.357
3.900952380,147.713
3.906757369,147.455
3.912562358,147.998
3.918367346,148.004
3.924172335,147.461
3.929977324,147.96
3.935782312,150.291
3.941587301,150.123
3.947392290,149.192
3.953197278,150.352
3.959002267,150.164
3.964807256,150.055
3.970612244,150.527
3.976417233,151.466
3.982222222,151.601
3.988027210,150.3
3.993832199,151.506
3.999637188,150.94
4.005442176,150.11
4.011247165,150.957
4.017052154,151.395
4.022857142,151.874
4.028662131,150.694
4.034467120,152.329
4.040272108,151.358
4.046077097,150.847
4.051882086,151.538
4.057687074,151.772
4.063492063,152.488
4.069297052,151.142
4.075102040,152.799
4.080907029,151.893
4.086712018,151.229
4.092517006,152.294
4.098321995,152.117
4.104126984,152.938
4.109931972,151.964
4.115736961,153.781
4.121541950,152.673
4.127346938,152.418
4.133151927,153.717
4.138956916,153.589
4.144761904,154.607
4.150566893,154.462
4.156371882,156.321
4.162176870,173.527
4.167981859,176.516
4.173786848,177.911
4.179591836,197.426
4.185396825,197.98
4.191201814,197.274
4.197006802,197.23
4.202811791,197.256
4.208616780,196.675
4.214421768,195.389
4.220226757,194.169
4.226031746,190.867
4.231836734,192.288
4.237641723,189.127
4.243446712,191.866
4.249251700,190.686
4.255056689,191.464
4.260861678,192.31
4.266666666,191.142
4.272471655,191.79
4.278276643,191.369
4.284081632,190.536
4.289886621,190.874
4.295691609,190.595
4.301496598,190.621
4.307301587,190.756
4.313106575,190.045
4.318911564,189.826
4.324716553,189.128
4.330521541,189.184
4.336326530,190.4
4.342131519,190.105
4.347936507,190.484
4.353741496,191.244
4.359546485,190.597
4.365351473,191.198
4.371156462,190.607
4.376961451,190.675
4.382766439,189.921
4.388571428,189.22
4.394376417,189.055
4.400181405,188.243
4.405986394,188.666
4.411791383,189.121
4.417596371,188.972
4.423401360,190.536
4.429206349,189.865
4.435011337,189.927
4.440816326,189.655
4.446621315,188.151
4.452426303,189.935
4.458231292,189.205
4.464036281,188.434
4.469841269,189.077
4.475646258,188.075
4.481451247,188.316
4.487256235,189.627
4.493061224,189.954
4.498866213,191.542
4.504671201,192.914
4.510476190,191.504
4.516281179,192.366
4.522086167,191.293
4.527891156,190
4.533696145,192.144
4.539501133,191.653
4.545306122,193.731
4.551111111,193.704
4.556916099,194.322
4.562721088,195.38
4.568526077,194.586
4.574331065,196.002
4.580136054,195.998
4.585941043,195.548
4.591746031,194.351
4.597551020,195.701
4.603356009,194.768
4.609160997,195.105
4.614965986,195.162
4.620770975,194.765
4.626575963,195.916
4.632380952,194.822
4.638185941,196.538
4.643990929,195.06
4.649795918,195.238
4.655600907,195.329
4.661405895,194.748
4.667210884,195
4.673015873,194.5
4.678820861,195.976
4.684625850,194.864
4.690430839,195.918
4.696235827,196.219
4.702040816,195.951
4.719455782,152.946
4.725260770,154.045
4.731065759,152.238
4.736870748,142.162
4.742675736,133.203
4.748480725,133.219
4.754285714,132.674
4.760090702,135.867
4.765895691,131.279
4.771700680,129.84
4.777505668,117.903
4.783310657,117.925
4.789115646,117.876
4.794920634,117.463
4.800725623,117.254
4.806530612,117.622
4.812335600,117.637
4.818140589,117.655
4.823945578,117.684
4.829750566,117.508
4.835555555,117.622
4.841360544,117.751
4.847165532,117.467
4.852970521,117.405
4.858775510,117.409
4.864580498,117.164
4.870385487,117.589
4.876190476,117.77
4.881995464,117.456
4.887800453,117.254
4.893605442,117.292
4.899410430,117.237
4.905215419,117.229
4.911020408,117.304
4.916825396,117.066
4.922630385,117.408
4.928435374,117.907
4.934240362,118.151
4.940045351,117.973
4.945850340,117.768
4.951655328,117.829
4.957460317,118.081
4.963265306,118.056
4.969070294,118.023
4.974875283,118.307
4.980680272,118.923
4.986485260,118.457
4.992290249,118.013
4.998095238,118.462
5.003900226,118.781
5.009705215,120.057
5.015510204,119.999
5.021315192,117.001
5.027120181,114.138
5.032925170,116.3
5.038730158,115.735
5.044535147,116.477
5.050340136,116.718
5.056145124,116.582
5.061950113,115.41
5.067755102,118.366
5.073560090,126.747
5.079365079,132.378
5.085170068,132.572
5.090975056,133.116
5.096780045,133.321
5.102585034,133.656
5.108390022,133.283
5.114195011,133.373
5.120000000,133.779
5.125804988,132.81
5.131609977,133.035
5.137414965,133.032
5.143219954,133.065
5.149024943,133.357
5.154829931,133.878
5.160634920,134.209
5.166439909,133.494
5.172244897,133.179
5.178049886,132.79
5.183854875,132.644
5.189659863,132.76
5.195464852,133.053
5.201269841,132.951
5.207074829,119.44
5.212879818,117.208
5.218684807,118.356
5.224489795,119.056
5.230294784,117.968
5.236099773,121.869
5.241904761,129.126
5.247709750,132.482
5.253514739,129.335
5.259319727,131.575
5.265124716,134.052
5.270929705,134.718
5.276734693,132.501
5.282539682,133.297
5.288344671,133.43
5.294149659,131.127
5.317369614,97.2687
5.323174603,88.2727
5.328979591,81.3646
5.334784580,81.5354
5.340589569,81.7683
5.346394557,82.4667
5.352199546,82.5347
5.358004535,82.6586
5.363809523,82.9896
5.369614512,82.6821
5.375419501,82.7059
5.381224489,82.7265
5.387029478,82.6083
5.392834467,82.845
5.398639455,82.8076
5.404444444,82.6797
5.410249433,82.6961
5.416054421,82.559
5.421859410,82.5894
5.427664399,82.4146
5.433469387,82.4455
5.439274376,82.1196
5.445079365,81.9788
5.450884353,82.2705
5.456689342,82.1384
5.462494331,82.442
5.468299319,82.5168
5.474104308,82.37
5.479909297,82.6468
5.485714285,82.4572
5.491519274,82.3606
5.497324263,82.671
5.503129251,82.3146
5.508934240,82.5497
5.514739229,82.8174
5.520544217,82.6291
5.526349206,82.8397
5.532154195,82.767
5.537959183,82.5318
5.543764172,82.372
5.549569160,82.0901
5.555374149,81.8262
5.561179138,82.3537
5.566984126,82.4025
5.572789115,82.1864
5.578594104,82.8957
5.584399092,82.6499
5.590204081,82.6996
5.596009070,83.1451
5.601814058,82.4749
5.607619047,82.4789
5.613424036,82.6904
5.619229024,82.3601
5.625034013,82.416
5.630839002,82.8794
5.636643990,82.4787
5.642448979,81.0341
5.648253968,80.1566
5.654058956,79.392
5.659863945,79.3238
5.665668934,81.2413
5.671473922,87.3952
5.677278911,87.6438
5.683083900,88.213
5.688888888,88.3621
5.694693877,80.4814
5.700498866,80.6078
5.706303854,80.5194
5.712108843,80.5974
5.717913832,80.7491
5.723718820,80.6113
5.729523809,80.745
5.735328798,80.7134
5.741133786,89.7169
5.746938775,89.9721
5.752743764,89.9129
5.758548752,90.1614
5.764353741,90.1562
5.770158730,90.2195
5.775963718,90.1368
5.781768707,90.1656
5.787573696,89.9606
5.793378684,89.808
5.799183673,89.7076
5.804988662,89.439
5.810793650,89.8822
5.816598639,89.1956
5.822403628,89.4261
5.828208616,88.899
5.834013605,88.5617
5.839818594,89.283
5.845623582,88.7165
5.851428571,89.7834
5.857233560,89.2157
5.863038548,89.1475
5.868843537,88.8967
5.874648526,87.6849
5.880453514,88.8521
5.886258503,88.0445
5.892063492,90.2495
5.897868480,89.6697
5.903673469,91.5111
5.909478458,91.3002
5.915283446,90.6368
5.921088435,91.1348
5.926893424,89.024
5.932698412,88.7462
5.938503401,88.1264
5.944308390,87.4139
5.950113378,86.599
5.967528344,113.162
5.973333333,112.858
5.979138321,112.532
5.984943310,111.055
5.990748299,112.994
5.996553287,111.346
6.002358276,110.021
6.008163265,110.932
6.013968253,111.317
6.019773242,110.546
6.025578231,110.852
6.031383219,110.704
6.037188208,109.618
6.042993197,111.036
6.048798185,110.835
6.054603174,109.892
6.060408163,109.635
6.066213151,110.527
6.072018140,110.021
6.077823129,110.389
6.083628117,111.014
6.089433106,110.188
6.095238095,110.892
6.101043083,110.834
6.106848072,110.452
6.112653061,110.299
6.118458049,110.439
6.124263038,110.802
6.130068027,110.056
6.135873015,110.501
6.141678004,110.357
6.147482993,110.275
6.153287981,110.816
6.159092970,110.381
6.164897959,109.987
6.170702947,110.292
6.176507936,110.843
6.182312925,110.487
6.188117913,110.517
6.193922902,110.508
6.199727891,110.227
6.205532879,110.755
6.211337868,111.016
6.217142857,110.571
6.222947845,110.895
6.228752834,111.183
6.234557823,111.084
6.240362811,111.381
6.246167800,110.81
6.251972789,111.036
6.257777777,111.698
6.263582766,111.694
6.269387755,111.606
6.275192743,111.379
6.280997732,111.691
6.286802721,112.367
6.292607709,112.062
6.298412698,112.593
6.304217687,113.656
6.310022675,114.11
6.315827664,114.845
6.321632653,114.537
6.327437641,114.506
6.333242630,115.109
6.339047619,116.82
6.344852607,116.572
6.350657596,115.486
6.356462585,127.315
6.362267573,130.552
6.368072562,135.819
6.373877551,144.364
6.379682539,145.43
6.385487528,145.342
6.391292517,145.339
6.397097505,144.908
6.402902494,145.235
6.408707482,145.667
6.414512471,146.912
6.420317460,146.15
6.426122448,146.11
6.431927437,147.01
6.437732426,146.817
6.443537414,147.754
6.449342403,145.446
6.455147392,145.948
6.460952380,146.553
6.466757369,145.748
6.472562358,147.289
6.478367346,146.005
6.484172335,146.408
6.489977324,146.943
6.495782312,147.589
6.501587301,147.484
6.507392290,147.215
6.513197278,147.757
6.519002267,147.532
6.524807256,148.052
6.530612244,146.676
6.536417233,148.414
6.542222222,149.068
6.565442176,195.284
6.571247165,196.705
6.577052154,201.229
6.582857142,198.241
6.588662131,199.274
6.594467120,200.15
6.600272108,198.583
6.606077097,199.78
6.611882086,199.237
6.617687074,199.626
6.623492063,199.81
6.629297052,200.046
6.635102040,201.254
6.640907029,200.045
6.646712018,200.158
6.652517006,199.964
6.658321995,200.408
6.664126984,200.246
6.669931972,200.263
6.675736961,200.954
6.681541950,199.845
6.687346938,199.823
6.693151927,198.743
6.698956916,198.583
6.704761904,198.389
6.710566893,198.454
6.716371882,198.976
6.722176870,198.357
6.727981859,198.197
6.733786848,197.783
6.739591836,197.746
6.745396825,198.029
6.751201814,197.655
6.757006802,198.313
6.762811791,198.415
6.768616780,197.874
6.774421768,197.957
6.780226757,197.268
6.786031746,197.171
6.791836734,197.341
6.797641723,197.35
6.803446712,197.545
6.809251700,197.632
6.815056689,197.275
6.820861678,197.408
6.826666666,197.228
6.832471655,195.552
6.838276643,195.032
6.844081632,194.391
6.849886621,192.843
6.855691609,191.519
6.861496598,190.039
6.867301587,189.524
6.873106575,188.669
6.878911564,188.149
6.884716553,186.874
6.890521541,185.633
6.896326530,184.188
6.902131519,184.456
6.907936507,186.264
6.913741496,185.595
6.919546485,186.648
6.925351473,186.852
6.931156462,186.75
6.936961451,186.277
6.942766439,185.95
6.948571428,185.327
6.954376417,185.342
6.960181405,185.924
6.965986394,184.819
6.971791383,184.973
6.977596371,183.997
6.983401360,184.661
6.989206349,185.625
6.995011337,185.444
7.000816326,186.104
7.006621315,185.829
7.012426303,186.152
7.018231292,186.225
7.024036281,186.164
7.029841269,186.064
7.035646258,185.55
7.041451247,185.603
7.047256235,185.017
7.053061224,186.845
7.058866213,185.504
7.064671201,187.397
7.070476190,187.324
7.076281179,186.79
7.082086167,188.363
7.087891156,187.142
7.093696145,190.161
7.099501133,191.077
7.105306122,194.914
7.111111111,214.297
7.116916099,218.254
7.122721088,218.431
7.128526077,219.377
7.134331065,219.697
7.140136054,220.457
7.145941043,219.053
7.151746031,219.098
7.157551020,219.181
7.163356009,220.008
7.169160997,221.129
7.174965986,219.865
7.180770975,220.225
7.186575963,220.15
7.192380952,220.931
7.198185941,221.296
7.203990929,221.17
7.209795918,221.068
7.215600907,221.028
7.221405895,221.433
7.227210884,220.61
7.233015873,221.162
7.238820861,220.04
7.244625850,220.999
7.250430839,221.282
7.256235827,220.584
7.262040816,221.06
7.267845804,220.328
7.273650793,221.229
7.279455782,221.18
7.285260770,221.384
7.291065759,221.378
7.296870748,221.015
7.302675736,221.486
7.308480725,221.058
7.314285714,221.858
7.320090702,221.112
7.325895691,221.631
7.331700680,221.795
7.337505668,221.226
7.343310657,221.886
7.349115646,221.187
7.354920634,221.667
7.360725623,221.875
7.366530612,221.848
7.372335600,221.87
7.378140589,221.412
7.383945578,221.671
7.389750566,221.736
7.395555555,221.999
7.401360544,222.642
7.407165532,222.88
7.412970521,222.741
7.418775510,223.04
7.424580498,223.099
7.430385487,222.973
7.436190476,223.164
7.441995464,222.472
7.447800453,222.056
7.453605442,221.609
7.459410430,222.9
7.465215419,224.426
7.471020408,225.203
7.476825396,225.591
7.482630385,225.895
7.488435374,225.947
7.494240362,227.408
7.500045351,228.718
7.505850340,227.667
7.511655328,229.929
7.517460317,230.153
7.523265306,229.174
7.529070294,229.262
7.534875283,229.416
7.540680272,229.647
7.546485260,231.302
7.552290249,232.566
7.558095238,232.717
7.563900226,231.907
7.569705215,231.635
7.575510204,231.355
7.581315192,231.134
7.587120181,231.328
7.592925170,230.864
7.598730158,230.543
7.604535147,230.467
7.610340136,230.669
7.616145124,230.786
7.621950113,231.485
7.627755102,231.909
7.633560090,232.374
7.639365079,233.332
7.645170068,233.23
7.650975056,233.075
7.656780045,232.721
7.662585034,232.598
7.668390022,232.907
7.674195011,232.408
7.680000000,232.632
7.685804988,232.713
7.691609977,232.541
7.697414965,232.81
7.703219954,233.214
7.709024943,233.13
7.714829931,232.919
7.720634920,232.427
7.726439909,231.17
7.732244897,230.153
7.738049886,228.622
7.743854875,227.755
7.749659863,226.539
7.755464852,225.784
7.761269841,224.982
7.767074829,224.334
7.772879818,223.869
7.778684807,223.4
7.784489795,223.217
7.790294784,222.979
7.796099773,222.538
7.801904761,222.064
7.807709750,222.166
7.813514739,222.304
7.819319727,222.928
7.825124716,223.326
7.830929705,223.261
7.836734693,223.129
7.842539682,222.867
7.848344671,222.464
7.854149659,222.096
7.859954648,222.03
7.865759637,222.084
7.871564625,222.158
7.877369614,222.357
7.883174603,222.443
7.888979591,222.245
7.894784580,222.135
7.900589569,222.046
7.906394557,221.763
7.912199546,221.88
7.918004535,222.104
7.923809523,222.366
7.929614512,222.654
7.935419501,222.647
7.941224489,222.692
7.947029478,222.479
7.952834467,222.209
7.958639455,222.207
7.964444444,222.204
7.970249433,222.352
7.976054421,222.632
7.981859410,222.818
7.987664399,222.816
7.993469387,222.666
7.999274376,222.616
8.005079365,222.989
8.010884353,223.225
8.016689342,223.799
8.022494331,225.314
8.028299319,225.468
8.034104308,225.773
8.039909297,226.172
8.045714285,225.694
8.051519274,225.611
8.057324263,226.269
8.063129251,226.762
8.068934240,227.835
8.074739229,227.806
8.080544217,227.241
8.086349206,227.645
8.092154195,227.784
8.097959183,228.041
8.103764172,228.731
8.109569160,228.422
8.115374149,228.029
8.121179138,227.808
8.126984126,227.153
8.132789115,226.655
8.138594104,226.117
8.144399092,225.899
8.150204081,225.017
8.156009070,224.4
8.161814058,223.673
8.167619047,223.078
8.173424036,223.612
8.179229024,223.731
8.185034013,225.378
8.190839002,225.402
8.196643990,225.999
8.202448979,226.188
8.208253968,225.721
8.214058956,226.007
8.219863945,225.136
8.225668934,226.309
8.231473922,225.953
8.237278911,226.576
8.243083900,227.184
8.248888888,226.38
8.254693877,226.954
8.260498866,226.807
8.266303854,226.519
8.272108843,226.124
8.277913832,225.58
8.283718820,224.465
8.289523809,224.344
8.295328798,223.578
8.301133786,222.638
8.306938775,223.05
8.312743764,220.696
8.318548752,218.923
8.324353741,215.936
8.330158730,214.928
8.335963718,217.516
8.341768707,220.098
8.347573696,221.256
8.353378684,221.6
8.359183673,223.105
8.364988662,222.455
8.370793650,222.067
8.376598639,222.848
8.382403628,222.464
8.388208616,223.943
8.394013605,224.596
8.399818594,224.188
8.405623582,224.748
8.411428571,224.691
8.417233560,224.737
8.423038548,225.284
8.428843537,225.4
8.434648526,225.734
8.440453514,225.179
8.446258503,225.009
8.452063492,225.258
8.457868480,224.778
8.463673469,225.734
8.469478458,225.613
8.475283446,225.783
8.481088435,225.785
8.486893424,224.808
8.492698412,224.582
8.498503401,224.163
8.504308390,224.402
8.510113378,224.685
8.515918367,225.581
8.521723356,225.306
8.527528344,224.561
8.533333333,224.793
8.539138321,224.643
8.544943310,224.9
8.550748299,225.765
8.556553287,226.376
8.562358276,226.351
8.568163265,225.685
8.573968253,227.398
8.579773242,226.645
8.585578231,228.463
8.608798185,156.189
8.614603174,156.387
8.620408163,156.661
8.626213151,156.601
8.632018140,156.852
8.637823129,156.764
8.643628117,157.366
8.649433106,157.42
8.655238095,156.909
8.661043083,157.437
8.666848072,156.849
8.672653061,156.754
8.678458049,157.609
8.684263038,157.014
8.690068027,157.319
8.695873015,157.294
8.701678004,156.56
8.707482993,156.689
8.713287981,156.299
8.719092970,156.776
8.724897959,156.657
8.730702947,157.78
8.736507936,156.667
8.742312925,157.764
8.748117913,157.534
8.753922902,156.342
8.759727891,156.114
8.765532879,154.839
8.771337868,154.48
8.777142857,153.845
8.782947845,153.742
8.788752834,153.479
8.794557823,154.29
8.800362811,153.468
8.806167800,154.059
8.811972789,154.076
8.817777777,153.858
8.823582766,154.583
8.829387755,153.918
8.835192743,153.431
8.840997732,155.096
8.846802721,153.75
8.852607709,153.895
8.858412698,154.404
8.887437641,99.2126
8.893242630,98.707
8.899047619,98.7942
8.904852607,98.6814
8.910657596,98.5147
8.916462585,98.624
8.922267573,98.4277
8.928072562,98.5299
8.933877551,98.6196
8.939682539,98.324
8.945487528,98.2591
8.951292517,98.2669
8.957097505,98.293
8.962902494,98.4812
8.968707482,98.5237
8.974512471,98.4716
8.980317460,98.394
8.986122448,98.3261
8.991927437,98.3449
8.997732426,98.2409
9.003537414,98.1945
9.009342403,98.3672
9.015147392,98.5441
9.020952380,98.5016
9.026757369,98.3485
9.032562358,98.2494
9.038367346,98.0381
9.044172335,98.1692
9.049977324,98.3138
9.055782312,98.3473
9.061587301,98.5947
9.067392290,98.4685
9.073197278,98.3431
9.079002267,98.0899
9.084807256,98.1033
9.090612244,98.2186
9.096417233,98.2939
9.102222222,98.4514
9.108027210,98.3952
9.113832199,98.3025
9.119637188,98.2228
9.125442176,98.3507
9.131247165,98.457
9.137052154,98.3723
9.142857142,98.2889
9.148662131,98.2756
9.154467120,98.2059
9.160272108,98.3313
9.166077097,98.3167
9.171882086,98.2125
9.177687074,98.4406
9.183492063,98.6013
9.189297052,98.6267
9.195102040,98.67
9.200907029,98.1323
9.206712018,97.4808
9.212517006,97.9734
9.218321995,97.3306
9.224126984,97.5981
9.229931972,90.6773
9.235736961,84.969
9.241541950,86.5003
9.247346938,87.7113
9.253151927,87.3632
9.258956916,88.1919
9.264761904,87.5555
9.270566893,87.0701
9.276371882,86.9294
9.282176870,86.8307
9.287981859,87.0751
9.293786848,87.1805
9.299591836,87.4353
9.305396825,87.4283
9.311201814,86.9792
9.317006802,87.0409
9.322811791,87.0869
9.328616780,86.8577
9.334421768,87.315
9.340226757,87.4435
9.346031746,87.2563
9.351836734,87.5115
9.357641723,87.1907
9.363446712,86.7602
9.369251700,87.0803
9.375056689,87.1626
9.380861678,87.2976
9.386666666,87.6649
9.392471655,87.4756
9.398276643,87.0665
9.404081632,87.0593
9.409886621,86.9578
9.415691609,86.7445
9.421496598,87.0423
9.427301587,87.6768
9.433106575,87.7019
9.438911564,87.8265
9.444716553,87.6525
9.450521541,86.6388
9.456326530,86.2462
9.462131519,87.0105
9.467936507,87.469
9.473741496,87.7832
9.479546485,88.2111
9.485351473,87.3491
9.491156462,86.8591
9.496961451,87.0061
9.502766439,86.6339
9.508571428,87.1927
9.514376417,87.426
9.520181405,87.3322
9.525986394,87.5997
9.531791383,86.8778
9.537596371,85.9827
9.543401360,85.9907
9.549206349,86.3891
9.555011337,86.8528
9.560816326,87.7749
9.566621315,87.2242
9.572426303,86.2816
9.578231292,86.193
9.584036281,86.2647
9.589841269,86.9554
9.595646258,87.6039
9.601451247,87.4581
9.607256235,87.3502
9.613061224,87.1352
9.618866213,86.7829
9.624671201,87.518
9.630476190,86.4499
9.636281179,88.1942
9.642086167,91.2225
9.647891156,90.3868
9.653696145,93.4463
9.659501133,92.3539
9.665306122,96.0854
9.671111111,95.6678
9.676916099,94.8747
9.682721088,95.8834
9.688526077,96.8268
9.694331065,98.3836
9.700136054,98.7914
9.705941043,98.1678
9.711746031,97.5626
9.717551020,96.1375
9.723356009,95.9248
9.729160997,96.0959
9.734965986,95.749
9.740770975,95.956
9.746575963,97.5962
9.752380952,97.8743
9.758185941,97.0713
9.763990929,96.9474
9.769795918,95.2307
9.775600907,96.001
9.781405895,97.3028
9.787210884,97.9869
9.793015873,98.687
9.798820861,99.3897
9.804625850,100.344
9.810430839,108.249
9.851065759,221.324
9.856870748,221.594
9.862675736,223.267
9.868480725,221.711
9.874285714,221.484
9.880090702,221.313
9.885895691,221.253
9.891700680,221.513
9.897505668,221.842
9.903310657,222.899
9.909115646,222.11
9.914920634,222.214
9.920725623,221.87
9.926530612,221.504
9.932335600,221.329
9.938140589,221.687
9.943945578,222.726
9.949750566,222.189
9.955555555,221.405
9.961360544,221.505
9.967165532,220.967
9.972970521,220.946
9.978775510,220.881
9.984580498,221.554
9.990385487,221.37
9.996190476,221.11
10.001995464,220.961
10.007800453,220.551
10.013605442,220.472
10.019410430,220.082
10.025215419,220.91
10.031020408,221.005
10.036825396,220.854
10.042630385,220.717
10.048435374,220.433
10.054240362,220.03
10.060045351,220.07
10.065850340,220.946
10.071655328,221.464
10.077460317,221.198
10.083265306,220.706
10.089070294,220.407
10.094875283,219.837
10.100680272,219.632
10.106485260,220.027
10.112290249,220.745
10.118095238,221.185
10.123900226,220.985
10.129705215,220.405
10.135510204,219.601
10.141315192,219.616
10.147120181,220.434
10.152925170,221.132
10.158730158,221.583
10.164535147,221.227
10.170340136,220.738
10.176145124,220.069
10.181950113,219.812
10.187755102,220.196
10.193560090,220.203
10.199365079,221.292
10.205170068,221.381
10.210975056,221.09
10.216780045,220.57
10.222585034,220.261
10.228390022,220.612
10.234195011,220.763
10.240000000,222.276
10.245804988,222.567
10.251609977,223.011
10.257414965,222.405
10.263219954,221.826
10.269024943,221.216
10.274829931,220.368
10.280634920,220.991
10.286439909,220.939
10.292244897,222.344
10.298049886,221.512
10.303854875,220.235
10.309659863,219.188
10.315464852,218.472
10.321269841,219.427
10.327074829,219.674
10.332879818,222.388
10.338684807,221.71
10.344489795,221.325
10.350294784,220.031
10.356099773,218.725
10.361904761,220.077
10.367709750,219.114
10.373514739,222.171
10.379319727,224.571
10.385124716,219.466
10.390929705,216.394
10.396734693,215.372
10.402539682,212.833
10.408344671,214.663
10.414149659,217.655
10.419954648,216.016
10.425759637,218.588
10.431564625,216.677
10.437369614,216.861
10.443174603,214.331
10.448979591,212.56
10.472199546,147.578
10.478004535,148.171
10.483809523,147.783
10.489614512,149.709
10.495419501,147.28
10.501224489,147.393
10.507029478,147.612
10.512834467,147.273
10.518639455,147.921
10.524444444,147.578
10.530249433,148.902
10.536054421,147.002
10.541859410,147.418
10.547664399,147.224
10.553469387,147.185
10.559274376,147.776
10.565079365,146.988
10.570884353,148.611
10.576689342,146.679
10.582494331,147.03
10.588299319,147.463
10.594104308,146.774
10.599909297,147.472
10.605714285,146.848
10.611519274,148.257
10.617324263,147.082
10.623129251,147.52
10.628934240,147.688
10.634739229,146.849
10.640544217,147.509
10.646349206,146.335
10.652154195,148.52
10.657959183,147.54
10.663764172,147.828
10.669569160,148.451
10.675374149,146.815
10.681179138,147.514
10.686984126,146.153
10.692789115,148.573
10.698594104,147.383
10.704399092,147.826
10.710204081,148.597
10.716009070,146.544
10.721814058,147.581
10.727619047,146.441
10.733424036,148.693
10.739229024,147.886
10.745034013,148.302
10.750839002,149.271
10.756643990,146.478
10.762448979,148.002
10.768253968,145.998
10.774058956,148.13
10.779863945,147.477
10.785668934,147.558
10.791473922,149.03
10.797278911,146.453
10.803083900,147.84
10.808888888,146.269
10.814693877,148.043
10.820498866,147.32
10.826303854,147.58
10.832108843,149.164
10.837913832,146.413
10.843718820,148.353
10.849523809,146.444
10.855328798,147.584
10.861133786,147.513
10.866938775,146.913
10.872743764,148.589
10.878548752,146.418
10.884353741,148.29
10.890158730,146.727
10.895963718,147.451
10.901768707,147.519
10.907573696,146.629
10.913378684,147.769
10.919183673,146.875
10.924988662,148.836
10.930793650,147.826
10.936598639,147.947
10.942403628,148.685
10.948208616,146.855
10.954013605,149.297
10.959818594,147.974
10.965623582,149.403
10.971428571,150.831
10.977233560,149.744
10.983038548,151.635
10.988843537,150.576
10.994648526,150.549
11.000453514,150.886
11.006258503,151.979
11.012063492,152.154
11.017868480,151.982
11.023673469,152.975
11.029478458,151.398
11.035283446,151.031
11.041088435,150.889
11.046893424,151.547
11.052698412,151.156
11.058503401,151.858
11.064308390,152.622
11.070113378,150.752
11.075918367,150.965
11.081723356,150.404
11.087528344,151.162
11.093333333,151.077
11.099138321,152.092
11.104943310,152.818
11.110748299,151.464
11.116553287,151.309
11.122358276,150.832
11.128163265,151.296
11.133968253,150.976
11.139773242,152.367
11.145578231,152.817
11.151383219,152.324
11.157188208,152.615
11.162993197,152.043
11.168798185,152.997
11.174603174,151.834
11.180408163,154.216
11.186213151,167.452
11.197823129,197.021
11.203628117,197.512
11.209433106,196.287
11.215238095,198.247
11.221043083,196.656
11.226848072,197.772
11.232653061,198.396
11.238458049,197.257
11.244263038,197.243
11.250068027,195.802
11.255873015,196.24
11.261678004,191.833
11.267482993,193.974
11.273287981,193.027
11.279092970,191.888
11.284897959,192.722
11.290702947,192.264
11.296507936,191.231
11.302312925,193.135
11.308117913,191.54
11.313922902,191.955
11.319727891,192.224
11.325532879,191.722
11.331337868,192.273
11.337142857,191.817
11.342947845,191.717
11.348752834,190.368
11.354557823,191.004
11.360362811,190.536
11.366167800,190.404
11.371972789,190.54
11.377777777,189.547
11.383582766,190.745
11.389387755,190.71
11.395192743,190.634
11.400997732,191.72
11.406802721,190.975
11.412607709,191.088
11.418412698,191.391
11.424217687,191.097
11.430022675,190.395
11.435827664,190.722
11.441632653,187.731
11.447437641,189.651
11.453242630,187.982
11.459047619,189.891
11.464852607,190.758
11.470657596,189.712
11.476462585,189.525
11.482267573,188.805
11.488072562,186.095
11.493877551,186.532
11.499682539,187.599
11.505487528,186.466
11.511292517,188.62
11.517097505,187.273
11.522902494,187.078
11.528707482,191.949
11.534512471,190.478
11.540317460,191.654
11.546122448,193.57
11.551927437,191.996
11.557732426,192.138
11.563537414,191.047
11.569342403,190.655
11.575147392,191.632
11.580952380,191.756
11.586757369,194.075
11.592562358,192.439
11.598367346,192.83
11.604172335,195.16
11.609977324,196.107
11.615782312,195.775
11.621587301,196.273
11.627392290,197.083
11.633197278,195.932
11.639002267,195.13
11.644807256,195.399
11.650612244,195.053
11.656417233,194.771
11.662222222,195.595
11.668027210,196.046
11.673832199,195.85
11.679637188,195.639
11.685442176,195.914
11.691247165,195.586
11.697052154,194.691
11.702857142,195.606
11.708662131,196.444
11.714467120,195.154
11.720272108,196.478
11.726077097,196.61
11.731882086,194.656
11.737687074,196.688
11.743492063,194.793
11.772517006,127.522
11.778321995,117.551
11.784126984,117.408
11.789931972,118.121
11.795736961,118.736
11.801541950,118.882
11.807346938,118.496
11.813151927,118.176
11.818956916,118.331
11.824761904,117.77
11.830566893,117.884
11.836371882,117.826
11.842176870,117.858
11.847981859,118.123
11.853786848,118.088
11.859591836,117.705
11.865396825,117.3
11.871201814,117.663
11.877006802,117.684
11.882811791,117.751
11.888616780,117.823
11.894421768,117.626
11.900226757,117.415
11.906031746,117.801
11.911836734,117.537
11.917641723,117.537
11.923446712,117.97
11.929251700,117.816
11.935056689,117.782
11.940861678,118.256
11.946666666,118.037
11.952471655,118.296
11.958276643,118.34
11.964081632,117.68
11.969886621,118.036
11.975691609,118.867
11.981496598,118.956
11.987301587,118.264
11.993106575,117.899
11.998911564,114.923
12.004716553,116.542
12.010521541,118.308
12.016326530,117.273
12.022131519,120.074
12.027936507,119.981
12.033741496,119.975
12.039546485,120.19
12.045351473,119.192
12.051156462,117.58
12.056961451,118.034
12.062766439,120.408
12.068571428,117.093
12.074376417,112.159
12.097596371,130.694
12.103401360,132.019
12.109206349,132.122
12.115011337,131.77
12.120816326,131.526
12.126621315,130.194
12.132426303,129.506
12.138231292,129.761
12.144036281,129.917
12.149841269,128.606
12.155646258,128.746
12.161451247,128.949
12.167256235,129.554
12.173061224,132.025
12.178866213,134.024
12.184671201,132.862
12.190476190,131.119
12.196281179,131.358
12.202086167,130.033
12.207891156,130.764
12.213696145,132.82
12.219501133,132.496
12.225306122,133.93
12.231111111,131.477
12.236916099,130.624
12.242721088,131.153
12.248526077,129.734
12.254331065,130.611
12.260136054,129.045
12.265941043,127.921
12.271746031,127.159
12.277551020,127.186
12.283356009,130.828
12.289160997,131.99
12.294965986,132.194
12.300770975,132.18
12.306575963,129.877
12.312380952,129.026
12.318185941,130.128
12.335600907,96.1161
12.341405895,90.0416
12.347210884,82.4759
12.353015873,82.64
12.358820861,82.9493
12.364625850,83.0084
12.370430839,83.1482
12.376235827,83.0012
12.382040816,82.8783
12.387845804,82.9436
12.393650793,83.2116
12.399455782,83.3489
12.405260770,83.2656
12.411065759,83.2835
12.416870748,83.1456
12.422675736,83.1336
12.428480725,83.3524
12.434285714,83.106
12.440090702,83.0846
12.445895691,82.8832
12.451700680,82.777
12.457505668,82.9594
12.463310657,82.8394
12.469115646,83.065
12.474920634,82.9856
12.480725623,82.5534
12.486530612,82.7646
12.492335600,82.8513
12.498140589,82.7982
12.503945578,83.4469
12.509750566,82.9027
12.515555555,82.3094
12.521360544,82.6316
12.527165532,82.4189
12.532970521,82.4423
12.538775510,82.762
12.544580498,82.436
12.550385487,82.2847
12.556190476,82.301
12.561995464,81.6006
12.567800453,82.4118
12.573605442,82.3885
12.579410430,82.754
12.585215419,82.9578
12.591020408,82.3106
12.596825396,82.1096
12.602630385,81.8214
12.608435374,81.4973
12.614240362,81.4969
12.620045351,82.1424
12.625850340,81.2659
12.631655328,81.803
12.637460317,82.4335
12.643265306,82.6821
12.649070294,83.4957
12.654875283,82.4558
12.660680272,82.8886
12.666485260,83.7406
12.672290249,84.2451
12.678095238,84.6643
12.683900226,85.3889
12.689705215,82.3417
12.695510204,80.3975
12.707120181,80.0564
12.712925170,80.7382
12.718730158,88.4687
12.724535147,88.1675
12.730340136,86.053
12.736145124,87.1806
12.741950113,88.1021
12.747755102,85.3718
12.753560090,88.2326
12.794195011,166.839
12.800000000,167.021
12.805804988,169.05
12.811609977,169.565
12.817414965,176.832
12.823219954,175.91
12.829024943,176.459
12.834829931,175.188
12.840634920,172.742
12.846439909,177.219
12.852244897,173.566
12.858049886,177.25
12.863854875,178.749
12.869659863,173.544
12.875464852,175.597
12.881269841,174.876
12.887074829,176.272
12.892879818,181.087
12.898684807,182.325
12.904489795,182.25
12.910294784,176.388
12.916099773,176.923
12.921904761,178.361
12.927709750,176.6
12.933514739,182.785
12.939319727,182.078
12.945124716,180.353
12.950929705,178.651
12.956734693,176.919
12.962539682,180.755
12.968344671,174.661
12.974149659,185.713
12.979954648,187.669
12.985759637,184.688
12.991564625,186.308
12.997369614,185.586
13.003174603,183.26
13.008979591,185.597
13.014784580,178.176
13.020589569,181.204
13.026394557,184.736
13.032199546,188.437
13.038004535,192.667
13.043809523,192.343
13.049614512,197.022
13.055419501,194.018
13.061224489,193.026
13.067029478,194.594
13.072834467,194.099
13.078639455,196.992
13.084444444,196.779
13.090249433,197.225
13.096054421,196.745
13.101859410,194.725
13.107664399,196.401
13.113469387,195.521
13.119274376,197.221
13.125079365,197.062
13.130884353,196.672
13.136689342,197.181
13.142494331,196.119
13.148299319,196.883
13.154104308,196.673
13.159909297,197.048
13.165714285,197.089
13.171519274,197.049
13.177324263,197.469
13.183129251,196.796
13.188934240,197.17
13.194739229,197.317
13.200544217,197.301
13.206349206,197.413
13.212154195,198.049
13.217959183,197.855
13.223764172,197.627
13.229569160,197.48
13.235374149,197.286
13.241179138,197.658
13.246984126,197.394
13.252789115,198.745
13.258594104,198.46
13.264399092,197.588
13.270204081,197.839
13.276009070,197.071
13.281814058,197.216
13.287619047,197.244
13.293424036,198.086
13.299229024,197.951
13.305034013,197.696
13.310839002,198.008
13.316643990,197.231
13.322448979,197.406
13.328253968,197.096
13.334058956,197.64
13.339863945,197.529
13.345668934,197.617
13.351473922,197.833
13.357278911,197.374
13.363083900,197.544
13.368888888,196.956
13.374693877,197.366
13.380498866,196.972
13.386303854,197.354
13.392108843,198.514
13.397913832,196.713
13.403718820,197.895
13.409523809,196.863
13.415328798,195.958
13.421133786,195.444
13.426938775,194.857
13.432743764,194.431
13.438548752,196.01
13.444353741,197.845
13.450158730,197.226
13.455963718,196.139
13.461768707,195.788
13.467573696,192.925
13.473378684,192.694
13.479183673,192.799
13.484988662,191.25
13.490793650,194.912
13.496598639,194.043
13.502403628,193.75
13.508208616,194.064
13.514013605,192.665
13.519818594,193.299
13.525623582,191.707
13.531428571,190.75
13.537233560,191.015
13.543038548,190.707
13.548843537,189.779
13.554648526,189.472
13.560453514,189.271
13.566258503,189.018
13.572063492,189.228
13.577868480,189.453
13.583673469,189.117
13.589478458,189.51
13.595283446,189.832
13.601088435,188.96
13.606893424,189.544
13.612698412,188.712
13.618503401,187.05
13.624308390,188.196
13.630113378,189.235
13.635918367,189.462
13.641723356,190.219
13.647528344,189.049
13.653333333,184.929
13.659138321,187.084
13.664943310,188.907
13.670748299,188.68
13.676553287,190.135
13.682358276,188.798
13.688163265,188.189
13.693968253,189.675
13.699773242,188.383
13.705578231,188
13.711383219,188.282
13.717188208,188.214
13.722993197,188.409
13.728798185,188.851
13.734603174,187.788
13.740408163,186.498
13.746213151,187.117
13.752018140,187.259
13.757823129,187.828
13.763628117,188.296
13.769433106,187.221
13.775238095,186.233
13.781043083,186.839
13.786848072,186.607
13.792653061,187.088
13.798458049,186.857
13.804263038,185.978
13.810068027,186.235
13.815873015,186.567
13.821678004,186.226
13.827482993,186.094
13.833287981,185.761
13.839092970,185.736
13.844897959,186.771
13.850702947,186.861
13.856507936,186.771
13.862312925,187.1
13.868117913,187.005
13.873922902,186.923
13.879727891,187.288
13.885532879,187.425
13.891337868,187.064
13.897142857,187.596
13.902947845,187.823
13.908752834,187.156
13.914557823,187.712
13.920362811,187.164
13.926167800,186.437
13.931972789,187.098
13.937777777,187.264
13.943582766,187.156
13.949387755,187.322
13.955192743,186.898
13.960997732,186.95
13.966802721,187.532
13.972607709,187.286
13.978412698,186.922
13.984217687,186.84
13.990022675,186.84
13.995827664,186.92
14.001632653,187.262
14.007437641,187.206
14.013242630,186.848
14.019047619,187.191
14.024852607,186.947
14.030657596,186.952
14.036462585,187.326
14.042267573,186.912
14.048072562,186.71
14.053877551,187.097
14.059682539,187.004
14.065487528,187.177
14.071292517,187.094
14.077097505,186.382
14.082902494,186.612
14.088707482,187.073
14.094512471,187.1
14.100317460,187.302
14.106122448,187.293
14.111927437,187.048
14.117732426,187.516
14.123537414,187.723
14.129342403,187.603
14.135147392,187.767
14.140952380,187.707
14.146757369,187.525
14.152562358,187.74
14.158367346,187.869
14.164172335,187.761
14.169977324,187.746
14.175782312,187.592
14.181587301,187.028
14.187392290,187.258
14.193197278,187.305
14.199002267,186.41
14.204807256,186.684
14.210612244,186.525
14.216417233,186.235
14.222222222,186.704
14.228027210,186.546
14.233832199,186.757
14.239637188,187.49
14.245442176,187.343
14.251247165,186.71
14.257052154,186.551
14.262857142,186.465
14.268662131,187.136
14.274467120,187.823
14.280272108,188.088
14.286077097,187.947
14.291882086,187.937
14.297687074,187.74
14.303492063,188.169
14.309297052,188.358
14.315102040,188.262
14.320907029,187.97
14.326712018,187.946
14.332517006,188.984
14.338321995,188.78
14.344126984,189.911
14.349931972,188.783
14.355736961,187.318
14.361541950,187.599
14.367346938,188.052
14.373151927,188.006
14.378956916,188.267
14.384761904,188.188
14.390566893,187.129
14.396371882,187.577
14.402176870,188.176
14.407981859,187.563
14.413786848,188.094
14.419591836,187.539
14.425396825,187.004
14.431201814,188.121
14.437006802,188.533
14.442811791,188.225
14.448616780,188.324
14.454421768,187.727
14.460226757,187.369
14.466031746,187.77
14.471836734,189.254
14.477641723,188.117
14.483446712,187.738
14.489251700,188.188
14.495056689,186.871
14.500861678,187.344
14.506666666,187.658
14.512471655,186.768
14.518276643,187.209
14.524081632,187.919
14.529886621,187.307
14.535691609,187.483
14.541496598,187.578
14.547301587,187.074
14.553106575,187.617
14.558911564,187.598
14.564716553,187.277
14.570521541,187.287
14.576326530,187.323
14.582131519,187.158
14.587936507,187.168
14.593741496,187.369
14.599546485,186.995
14.605351473,187.306
14.611156462,187.067
14.616961451,187.187
14.622766439,187.554
14.628571428,187.318
14.634376417,187.28
14.640181405,187.801
14.645986394,187.605
14.651791383,187.898
14.657596371,188.053
14.663401360,187.439
14.669206349,187.37
14.675011337,188.081
14.680816326,187.198
14.686621315,186.581
14.692426303,187.128
14.698231292,187.035
14.704036281,186.703
14.709841269,188.409
14.715646258,188.156
14.721451247,187.246
14.727256235,187.783
14.733061224,186.46
14.738866213,187.105
14.744671201,187.971
14.750476190,188.012
14.756281179,187.385
14.762086167,187.487
14.767891156,187.181
14.773696145,187.707
14.779501133,187.704
14.785306122,187.561
14.791111111,187.666
14.796916099,186.771
14.802721088,187.103
14.808526077,187.055
14.814331065,187.514
14.820136054,188.754
14.825941043,189.077
14.831746031,187.616
