0.023219954,1342.46
0.029024943,1344.38
0.034829931,1344.73
0.040634920,1345.6
0.046439909,1349.91
0.052244897,1352.2
0.058049886,1354.86
0.063854875,1354.6
0.069659863,1349.78
0.075464852,1347.77
0.081269841,1345.56
0.087074829,1345.31
0.092879818,1347.16
0.098684807,1347.51
0.104489795,1349.49
0.110294784,1351.99
0.116099773,1355.21
0.121904761,1362.65
0.127709750,1364.01
0.133514739,1367.13
0.139319727,1363.08
0.145124716,1361.68
0.150929705,1363.45
0.156734693,1360.57
0.162539682,1367.63
0.168344671,1370.05
0.174149659,1391.36
0.179954648,1415.99
0.185759637,1414.41
0.191564625,1411.13
0.197369614,1376.56
0.203174603,1368.15
0.208979591,1360.28
0.214784580,1355.17
0.220589569,1361.82
0.226394557,1359.73
0.232199546,1360.85
0.238004535,1355.02
0.243809523,1349.16
0.249614512,1350.06
0.255419501,1350
0.261224489,1353.09
0.267029478,1354.91
0.272834467,1353.13
0.278639455,1353.42
0.284444444,1353.19
0.290249433,1351.4
0.296054421,1350.27
0.301859410,1348.78
0.307664399,1351.62
0.313469387,1354.01
0.319274376,1354.98
0.325079365,1358.27
0.330884353,1360.33
0.336689342,1367.17
0.342494331,1395.15
0.417959183,1377.35
0.423764172,1377.5
0.429569160,1397.99
0.435374149,1398.92
0.441179138,1418.84
0.446984126,1427.14
0.452789115,1413
0.458594104,1413.77
0.464399092,1405.13
0.470204081,1394.39
0.476009070,1396.3
0.481814058,1418.35
0.487619047,1417.03
0.493424036,1416.43
0.499229024,1407.9
0.505034013,1394.81
0.510839002,1373.81
0.516643990,1367.3
0.522448979,1364.36
0.528253968,1412.6
0.847528344,824.143
0.853333333,862.089
0.859138321,848.842
0.864943310,846.279
0.870748299,846.212
0.876553287,846.777
0.882358276,847.573
0.888163265,848.161
0.893968253,848.362
0.899773242,848.354
0.905578231,848.133
0.911383219,847.721
0.917188208,847.447
0.922993197,847.19
0.928798185,846.749
0.934603174,846.195
0.940408163,845.751
0.946213151,845.659
0.952018140,845.691
0.957823129,845.94
0.963628117,846.124
0.969433106,846.156
0.975238095,846.177
0.981043083,846.182
0.986848072,846.264
0.992653061,846.492
0.998458049,846.861
1.004263038,847.277
1.010068027,847.63
1.015873015,847.907
1.021678004,848.237
1.027482993,848.644
1.033287981,849.215
1.039092970,849.75
1.044897959,850.122
1.050702947,850.381
1.056507936,850.34
1.062312925,850.159
1.068117913,849.973
1.073922902,849.717
1.079727891,849.403
1.085532879,849.186
1.091337868,848.914
1.097142857,848.645
1.102947845,848.44
1.108752834,848.274
1.114557823,848.05
1.120362811,847.859
1.126167800,847.707
1.131972789,847.52
1.137777777,847.558
1.143582766,847.596
1.149387755,847.721
1.155192743,847.894
1.160997732,848.137
1.166802721,848.433
1.172607709,848.936
1.178412698,849.606
1.184217687,850.43
1.190022675,851.469
1.195827664,852.682
1.201632653,853.657
1.207437641,853.914
1.213242630,853.714
1.219047619,853.456
1.224852607,853.354
1.230657596,853.339
1.236462585,853.387
1.242267573,853.422
1.248072562,853.445
1.253877551,853.418
1.259682539,853.396
1.265487528,853.44
1.271292517,853.51
1.277097505,853.624
1.282902494,853.831
1.288707482,853.892
1.294512471,853.821
1.300317460,853.398
1.306122448,852.541
1.311927437,851.551
1.317732426,850.555
1.323537414,849.685
1.329342403,848.688
1.335147392,847.489
1.340952380,845.94
1.346757369,844.603
1.352562358,844.442
1.358367346,845.215
1.364172335,846.141
1.369977324,846.733
1.375782312,847.021
1.381587301,847.062
1.387392290,846.963
1.393197278,846.829
1.399002267,846.838
1.404807256,847.095
1.410612244,847.63
1.416417233,848.428
1.422222222,849.574
1.428027210,851.108
1.433832199,852.278
1.439637188,852.756
1.445442176,852.92
1.451247165,852.986
1.457052154,853.183
1.462857142,853.459
1.468662131,853.696
1.474467120,854.144
1.480272108,854.211
1.486077097,854.099
1.491882086,854.029
1.497687074,853.714
1.503492063,853.285
1.509297052,852.537
1.515102040,851.471
1.520907029,850.427
1.526712018,849.762
1.532517006,849.242
1.538321995,848.792
1.544126984,848.063
1.549931972,846.727
1.555736961,844.988
1.561541950,844.42
1.567346938,845.855
1.573151927,847.177
1.578956916,847.771
1.584761904,848.092
1.590566893,848.275
1.596371882,848.368
1.602176870,848.649
1.607981859,848.895
1.613786848,849.331
1.619591836,850.588
1.625396825,851.763
1.631201814,852.355
1.637006802,852.612
1.642811791,852.688
1.648616780,852.813
1.654421768,852.965
1.660226757,853.267
1.666031746,853.891
1.671836734,854.208
1.677641723,854.3
1.683446712,854.198
1.689251700,853.866
1.695056689,853.456
1.700861678,853.221
1.706666666,852.889
1.712471655,852.212
1.718276643,851.06
1.724081632,849.628
1.729886621,848.737
1.735691609,848.755
1.741496598,849.059
1.747301587,849.334
1.753106575,849.388
1.758911564,849.112
1.764716553,848.43
1.770521541,847.186
1.776326530,846.515
1.782131519,847.355
1.787936507,848.419
1.793741496,849.116
1.799546485,849.617
1.805351473,846.474
1.811156462,841.956
1.816961451,840.938
1.840181405,623.056
1.845986394,623.264
1.851791383,624.173
1.857596371,622.088
1.863401360,620.386
1.869206349,622.604
1.875011337,620.974
1.880816326,624.36
1.886621315,625.842
1.892426303,625.436
1.898231292,627.193
1.904036281,627.828
1.909841269,625.619
1.915646258,622.018
1.921451247,618.882
1.927256235,620.533
1.933061224,622.999
1.938866213,626.602
1.944671201,627.38
1.950476190,626.591
1.956281179,625.613
1.962086167,622.966
1.967891156,621.603
1.973696145,623.053
1.979501133,624.27
1.985306122,624.115
1.991111111,624.222
1.996916099,621.669
2.002721088,617.333
2.008526077,614.046
2.014331065,610.559
2.020136054,613.852
2.025941043,616.132
2.031746031,618.926
2.037551020,622.003
2.043356009,623.945
2.049160997,626.87
2.054965986,627.889
2.060770975,629.446
2.066575963,630.116
2.072380952,631.662
2.078185941,632.431
2.083990929,633.411
2.089795918,632.927
2.095600907,632.86
2.101405895,632.082
2.107210884,631.843
2.113015873,631.582
2.118820861,630.086
2.124625850,629.412
2.130430839,629.134
2.136235827,629.09
2.142040816,629.33
2.147845804,629.17
2.153650793,628.801
2.159455782,628.083
2.165260770,627.535
2.171065759,626.805
2.176870748,625.602
2.182675736,624.667
2.188480725,623.275
2.194285714,622.596
2.200090702,623.542
2.205895691,624.473
2.211700680,625.225
2.217505668,625.981
2.223310657,626.129
2.229115646,626.153
2.234920634,626.014
2.240725623,626.004
2.246530612,626.97
2.252335600,628.556
2.258140589,630.048
2.263945578,631.09
2.269750566,631.629
2.275555555,632.142
2.281360544,632.919
2.287165532,633.73
2.292970521,633.692
2.298775510,632.832
2.304580498,631.998
2.310385487,631.526
2.316190476,631.76
2.321995464,632.356
2.327800453,633.53
2.333605442,633.677
2.339410430,633.218
2.345215419,631.725
2.351020408,630.647
2.356825396,629.975
2.362630385,629.096
2.368435374,628.426
2.374240362,627.645
2.380045351,626.496
2.385850340,625.402
2.391655328,624.232
2.397460317,623.166
2.403265306,623.03
2.409070294,622.799
2.414875283,623.232
2.420680272,623.959
2.426485260,624.92
2.432290249,626.503
2.438095238,627.253
2.443900226,627.437
2.449705215,627.512
2.455510204,627.83
2.461315192,628.329
2.467120181,629.056
2.472925170,629.977
2.478730158,631.002
2.484535147,632.149
2.490340136,633.544
2.496145124,634.952
2.501950113,635.816
2.507755102,635.923
2.513560090,635.411
2.519365079,634.767
2.525170068,634.554
2.530975056,634.489
2.536780045,634.744
2.542585034,635.4
2.548390022,635.283
2.554195011,634.248
2.560000000,632.557
2.565804988,630.933
2.571609977,629.737
2.577414965,628.684
2.583219954,627.695
2.589024943,626.715
2.594829931,625.587
2.600634920,624.565
2.606439909,623.984
2.612244897,624.057
2.618049886,624.744
2.623854875,625.612
2.629659863,626.32
2.635464852,627.042
2.641269841,627.335
2.647074829,627.186
2.652879818,627.216
2.658684807,627.487
2.664489795,628.169
2.670294784,629.026
2.676099773,630.176
2.681904761,631.651
2.687709750,633.403
2.693514739,635.488
2.699319727,636.904
2.705124716,636.485
2.710929705,635.366
2.716734693,634.318
2.722539682,633.746
2.728344671,633.552
2.734149659,633.881
2.739954648,634.739
2.745759637,635.56
2.751564625,635.034
2.757369614,633.354
2.763174603,631.833
2.768979591,630.75
2.774784580,629.962
2.780589569,629.339
2.786394557,628.75
2.792199546,628.062
2.798004535,627.116
2.803809523,625.726
2.809614512,624.425
2.815419501,625.108
2.821224489,626.774
2.827029478,627.468
2.832834467,626.998
2.838639455,626.438
2.844444444,626.974
2.850249433,628.195
2.856054421,629.002
2.861859410,629.323
2.867664399,629.546
2.873469387,629.833
2.879274376,630.222
2.885079365,630.765
2.890884353,631.46
2.896689342,632.307
2.902494331,633.568
2.908299319,635.314
2.914104308,636.668
2.919909297,635.942
2.925714285,634.436
2.931519274,633.494
2.937324263,633.254
2.943129251,633.602
2.948934240,634.405
2.954739229,635.339
2.960544217,635.327
2.966349206,634.233
2.972154195,633.112
2.977959183,632.452
2.983764172,632.227
2.989569160,632.308
2.995374149,632.636
3.001179138,633.167
3.006984126,633.961
3.012789115,634.938
3.018594104,636.086
3.024399092,636.714
3.030204081,636.21
3.036009070,634.709
3.041814058,633.844
3.047619047,634.109
3.053424036,635.55
3.059229024,640.675
3.065034013,653.021
3.070839002,691.037
3.076643990,722.883
3.082448979,732.991
3.088253968,724.137
3.094058956,719.492
3.099863945,722.688
3.105668934,722.809
3.111473922,730
3.117278911,735.474
3.123083900,729.135
3.128888888,719.846
3.134693877,696.017
3.140498866,678.101
3.146303854,667.413
3.152108843,663.159
3.157913832,663.195
3.163718820,667.55
3.169523809,670.928
3.175328798,679.683
3.181133786,684.31
3.186938775,693.615
3.192743764,702.703
3.198548752,714.054
3.204353741,723.041
3.210158730,734.819
3.215963718,739.068
3.221768707,744.89
3.227573696,745.301
3.233378684,739.482
3.239183673,739.24
3.244988662,730.599
3.250793650,730.839
3.256598639,728.163
3.262403628,728.068
3.268208616,732.888
3.274013605,731.072
3.279818594,737.059
3.285623582,734.621
3.291428571,735.562
3.297233560,736.607
3.303038548,735.888
3.308843537,743.26
3.314648526,744.545
3.320453514,749.149
3.326258503,752.434
3.332063492,750.913
3.337868480,753.37
3.343673469,752.145
3.349478458,752.755
3.355283446,753.844
3.361088435,752.786
3.366893424,754.987
3.372698412,754.314
3.378503401,754.804
3.384308390,755.953
3.390113378,755.356
3.395918367,752.506
3.401723356,717.609
3.407528344,687.919
3.413333333,675.562
3.419138321,672.619
3.424943310,675.952
3.430748299,675.821
3.436553287,676.009
3.442358276,675.704
3.448163265,673.041
3.453968253,673.913
3.459773242,674.437
3.465578231,674.618
3.471383219,674.535
3.477188208,675.6
3.482993197,677.193
3.488798185,678.012
3.494603174,684.152
3.500408163,685.657
3.506213151,689.536
3.512018140,692.026
3.517823129,688.957
3.523628117,688.036
3.529433106,686.01
3.535238095,685.951
3.541043083,684.762
3.546848072,684.06
3.552653061,681.139
3.558458049,678.962
3.564263038,677.7
3.570068027,676.535
3.575873015,676.314
3.581678004,675.742
3.587482993,675.409
3.593287981,675.031
3.599092970,674.968
3.604897959,675.656
3.610702947,674.039
3.616507936,662.618
3.622312925,650.477
3.628117913,641.14
3.633922902,637.173
3.639727891,636.865
3.645532879,636.433
3.651337868,637.176
3.657142857,635.448
3.662947845,636.134
3.668752834,635.307
3.674557823,635.721
3.680362811,635.358
3.686167800,634.364
3.691972789,634.505
3.697777777,634.068
3.703582766,634.18
3.709387755,634.542
3.715192743,634.396
3.720997732,635.194
3.726802721,635.188
3.732607709,635.778
3.738412698,635.769
3.744217687,635.564
3.750022675,635.634
3.755827664,634.792
3.761632653,635.603
3.767437641,634.94
3.773242630,636.359
3.779047619,635.594
3.784852607,637.337
3.790657596,636.593
3.796462585,637.277
3.802267573,637.317
3.808072562,636.587
3.813877551,637.684
3.819682539,635.931
3.825487528,637.214
3.831292517,635.133
3.837097505,636.24
3.842902494,637.086
3.848707482,638.456
3.854512471,640.115
3.860317460,635.231
3.866122448,629.319
3.871927437,617.586
3.877732426,613.747
3.883537414,611.089
3.889342403,599.464
3.895147392,608.791
3.900952380,603.006
3.906757369,608.499
3.912562358,600.235
3.918367346,594.484
3.924172335,592.248
3.929977324,584.925
3.935782312,588.986
3.941587301,589.399
3.947392290,595.194
3.953197278,599.551
3.959002267,608.889
3.964807256,610.057
3.970612244,614.738
3.976417233,612.64
3.982222222,611.248
3.988027210,611.048
3.993832199,607.382
3.999637188,608.917
4.005442176,601.725
4.011247165,599.082
4.017052154,594.477
4.022857142,588.251
4.028662131,584.643
4.034467120,579.544
4.040272108,580.419
4.046077097,578.619
4.051882086,578.942
4.057687074,582.597
4.063492063,577.846
4.069297052,579.639
4.075102040,579.412
4.080907029,565.756
4.086712018,558.618
4.092517006,513.224
4.098321995,499.819
4.104126984,501.647
4.109931972,500.639
4.115736961,499.599
4.121541950,500.888
4.127346938,499.455
4.133151927,500.337
4.138956916,506.495
4.144761904,508.972
4.150566893,507.237
4.156371882,506.285
4.162176870,503.128
4.167981859,498.823
4.173786848,499.943
4.179591836,503.105
4.185396825,496.536
4.191201814,501.987
4.197006802,501.384
4.202811791,499.399
4.208616780,502.261
4.214421768,501.529
4.220226757,501.131
4.226031746,500.967
4.231836734,502.024
4.237641723,502.203
4.243446712,502.16
4.249251700,504.314
4.255056689,503.265
4.260861678,503.143
4.266666666,503.525
4.272471655,501.684
4.278276643,500.999
4.284081632,500.625
4.289886621,501.357
4.295691609,501.68
4.301496598,501.325
4.307301587,501.165
4.313106575,499.18
4.318911564,498.217
4.324716553,498.311
4.330521541,499.583
4.342131519,416.706
4.347936507,415.8
4.353741496,415.275
4.359546485,415.855
4.365351473,414.088
4.371156462,417.392
4.376961451,416.505
4.382766439,415.389
4.388571428,417.464
4.394376417,416.658
4.400181405,417.41
4.405986394,417.683
4.411791383,418.227
4.417596371,419.084
4.423401360,418.53
4.429206349,419.167
4.435011337,419.225
4.440816326,417.511
4.446621315,418.431
4.452426303,418.319
4.458231292,417.583
4.464036281,418.161
4.469841269,417.433
4.475646258,417.108
4.481451247,417.291
4.487256235,417.513
4.493061224,417.647
4.498866213,417.846
4.504671201,417.68
4.510476190,417.43
4.516281179,417.118
4.522086167,416.901
4.527891156,416.959
4.533696145,417.023
4.539501133,416.992
4.545306122,417.089
4.551111111,416.793
4.556916099,416.775
4.562721088,416.946
4.568526077,416.677
4.574331065,416.815
4.580136054,416.809
4.585941043,416.803
4.591746031,416.997
4.597551020,416.861
4.603356009,416.946
4.609160997,416.937
4.614965986,416.839
4.620770975,417.097
4.626575963,417.03
4.632380952,417.123
4.638185941,417.203
4.643990929,417.14
4.649795918,417.205
4.655600907,417.266
4.661405895,417.227
4.667210884,417.245
4.673015873,417.309
4.678820861,417.182
4.684625850,417.211
4.690430839,417.192
4.696235827,417.137
4.702040816,417.217
4.707845804,417.197
4.713650793,417.275
4.719455782,417.226
4.725260770,417.179
4.731065759,417.161
4.736870748,417.115
4.742675736,417.11
4.748480725,417.158
4.754285714,417.205
4.760090702,417.207
4.765895691,417.253
4.771700680,417.299
4.777505668,417.278
4.783310657,417.354
4.789115646,417.369
4.794920634,417.406
4.800725623,417.504
4.806530612,417.565
4.812335600,417.723
4.818140589,417.737
4.823945578,417.803
4.829750566,417.773
4.835555555,417.717
4.841360544,417.753
4.847165532,417.765
4.852970521,417.873
4.858775510,418.018
4.864580498,418.071
4.870385487,418.234
4.876190476,418.29
4.881995464,418.048
4.887800453,418.056
4.893605442,416.711
4.899410430,416.07
4.905215419,416.132
4.911020408,415.774
4.916825396,416.136
4.922630385,416.58
4.928435374,416.318
4.934240362,416.624
4.940045351,416.817
4.945850340,416.794
4.951655328,417.297
4.957460317,417.561
4.963265306,418.222
4.969070294,419.049
4.974875283,419.124
4.980680272,419.014
4.986485260,419.004
4.992290249,418.501
4.998095238,419.039
5.003900226,419.703
5.009705215,419.355
5.015510204,419.877
5.021315192,420.307
5.027120181,419.834
5.032925170,419.923
5.038730158,419.7
5.044535147,419.059
5.050340136,419.139
5.079365079,625.846
5.085170068,625.12
5.090975056,624.661
5.096780045,623.695
5.102585034,624.706
5.108390022,624.169
5.114195011,625.264
5.120000000,625.13
5.125804988,625.481
5.131609977,626.782
5.137414965,626.373
5.143219954,627.985
5.149024943,629.187
5.154829931,628.658
5.160634920,629.715
5.166439909,629.657
5.172244897,628.504
5.178049886,628.625
5.183854875,627.149
5.189659863,628.064
5.195464852,624.933
5.201269841,616.873
5.207074829,615.298
5.212879818,607.353
5.218684807,604.142
5.224489795,602.919
5.230294784,595.594
5.236099773,590.229
5.241904761,583.985
5.247709750,577.473
5.253514739,573.972
5.259319727,569.686
5.265124716,563.334
5.270929705,560.692
5.276734693,559.704
5.282539682,559.729
5.288344671,560.722
5.294149659,562.901
5.299954648,567.28
5.305759637,570.206
5.311564625,571.811
5.317369614,572.926
5.323174603,570.685
5.328979591,568.818
5.334784580,568.413
5.340589569,565.747
5.346394557,563.404
5.352199546,561.746
5.358004535,557.354
5.363809523,556.082
5.369614512,555.851
5.375419501,554.385
5.381224489,555.217
5.387029478,554.643
5.392834467,554.761
5.398639455,555.539
5.404444444,555.42
5.410249433,555.878
5.416054421,555.529
5.421859410,554.991
5.427664399,554.995
5.433469387,554.948
5.439274376,555.132
5.445079365,555.757
5.450884353,555.654
5.456689342,555.354
5.462494331,555.274
5.468299319,554.775
5.474104308,554.874
5.479909297,555.023
5.485714285,555.825
5.491519274,556.313
5.497324263,556.224
5.503129251,555.939
5.508934240,555.134
5.514739229,554.547
5.520544217,554.615
5.526349206,555.022
5.532154195,555.691
5.537959183,556.397
5.543764172,556.879
5.549569160,556.669
5.555374149,555.851
5.561179138,555.547
5.566984126,555.149
5.572789115,555.488
5.578594104,555.774
5.584399092,555.604
5.590204081,555.737
5.596009070,555.674
5.601814058,555.218
5.607619047,555.248
5.613424036,555.395
5.619229024,555.382
5.625034013,555.511
5.630839002,555.522
5.636643990,555.158
5.642448979,554.814
5.648253968,554.763
5.654058956,554.564
5.659863945,554.97
5.665668934,555.234
5.671473922,555.501
5.677278911,555.619
5.683083900,555.242
5.688888888,555.376
5.694693877,555.404
5.700498866,555.664
5.706303854,556.013
5.712108843,555.949
5.717913832,555.869
5.723718820,556.038
5.729523809,556.317
5.735328798,556.664
5.741133786,557.024
5.746938775,556.978
5.752743764,556.914
5.758548752,556.872
5.764353741,556.969
5.770158730,557.108
5.775963718,557.405
5.781768707,557.644
5.787573696,557.786
5.793378684,558.106
5.799183673,558.166
5.804988662,558.399
5.810793650,558.78
5.816598639,558.88
5.822403628,558.92
5.828208616,558.837
5.834013605,558.529
5.839818594,558.527
5.845623582,558.826
5.851428571,558.92
5.857233560,558.986
5.863038548,558.681
5.868843537,558.215
5.874648526,558.094
5.880453514,558.268
5.886258503,558.19
5.892063492,557.583
5.897868480,556.623
5.903673469,555.619
5.909478458,555.238
5.915283446,555.552
5.921088435,555.22
5.926893424,555.137
5.932698412,555.177
5.938503401,554.942
5.944308390,554.901
5.950113378,554.693
5.955918367,554.447
5.961723356,554.331
5.967528344,554.309
5.973333333,554.474
5.979138321,554.658
5.984943310,555.015
5.990748299,555.29
5.996553287,555.495
6.002358276,556.031
6.008163265,556.546
6.013968253,557.251
6.019773242,557.992
6.025578231,558.622
6.031383219,559.25
6.037188208,559.659
6.042993197,559.685
6.048798185,559.293
6.054603174,558.941
6.060408163,558.692
6.066213151,558.404
6.072018140,558.305
6.077823129,558.22
6.083628117,558.098
6.089433106,558.092
6.095238095,557.932
6.101043083,557.787
6.106848072,557.63
6.112653061,557.409
6.118458049,557.44
6.124263038,557.084
6.130068027,556.496
6.135873015,555.692
6.141678004,554.136
6.147482993,553.62
6.153287981,553.916
6.159092970,554.616
6.164897959,555.139
6.170702947,555.431
6.176507936,555.595
6.182312925,555.691
6.188117913,555.883
6.193922902,555.985
6.199727891,556.155
6.205532879,556.417
6.211337868,556.679
6.217142857,557.025
6.222947845,557.433
6.228752834,557.893
6.234557823,558.516
6.240362811,559.271
6.246167800,560.02
6.251972789,560.615
6.257777777,560.646
6.263582766,560.183
6.269387755,559.821
6.275192743,559.523
6.280997732,559.342
6.286802721,559.265
6.292607709,559.227
6.298412698,559.208
6.304217687,559.166
6.310022675,559.135
6.315827664,559.049
6.321632653,558.868
6.327437641,558.54
6.333242630,558.114
6.339047619,557.383
6.344852607,556.271
6.350657596,554.782
6.356462585,553.293
6.362267573,552.87
6.368072562,553.505
6.373877551,554.511
6.379682539,555.2
6.385487528,555.643
6.391292517,555.916
6.397097505,556.141
6.402902494,556.325
6.408707482,556.491
6.414512471,556.729
6.420317460,556.972
6.426122448,557.343
6.431927437,557.868
6.437732426,558.478
6.443537414,559.148
6.449342403,559.671
6.455147392,560.068
6.460952380,559.969
6.466757369,559.64
6.472562358,559.358
6.478367346,559.083
6.484172335,558.933
6.489977324,558.909
6.495782312,558.969
6.501587301,559.122
6.507392290,559.34
6.513197278,559.646
6.519002267,559.983
6.524807256,560.247
6.530612244,560.442
6.536417233,560.273
6.542222222,559.749
6.548027210,559.107
6.553832199,558.544
6.559637188,558.096
6.565442176,557.73
6.571247165,557.476
6.577052154,557.214
6.582857142,556.89
6.588662131,556.441
6.594467120,556.127
6.600272108,556.135
6.606077097,556.534
6.611882086,557.29
6.617687074,558.063
6.623492063,558.574
6.629297052,559.029
6.635102040,559.494
6.640907029,559.882
6.646712018,560.065
6.652517006,560.05
6.658321995,559.941
6.664126984,559.859
6.669931972,559.893
6.675736961,560.057
6.681541950,560.284
6.687346938,560.531
6.693151927,560.656
6.698956916,560.679
6.704761904,560.6
6.710566893,560.5
6.716371882,560.482
6.722176870,560.484
6.727981859,560.431
6.733786848,560.35
6.739591836,560.175
6.745396825,560.061
6.751201814,559.959
6.757006802,559.801
6.762811791,559.597
6.768616780,559.3
6.774421768,558.883
6.780226757,558.539
6.786031746,558.398
6.791836734,558.33
6.797641723,558.403
6.803446712,558.639
6.809251700,559.011
6.815056689,559.477
6.820861678,559.967
6.826666666,560.226
6.832471655,560.293
6.838276643,560.343
6.844081632,560.381
6.849886621,560.43
6.855691609,560.467
6.861496598,560.435
6.867301587,560.436
6.873106575,560.371
6.878911564,560.343
6.884716553,560.485
6.890521541,560.711
6.896326530,561.087
6.902131519,561.666
6.907936507,562.317
6.913741496,562.722
6.919546485,562.638
6.925351473,561.917
6.931156462,561.054
6.936961451,560.508
6.942766439,560.194
6.948571428,560.04
6.954376417,560.084
6.960181405,559.991
6.965986394,559.825
6.971791383,559.718
6.977596371,559.593
6.983401360,559.749
6.989206349,560.01
6.995011337,559.997
7.000816326,560.007
7.006621315,559.813
7.012426303,559.739
7.018231292,559.764
7.024036281,559.899
7.029841269,560.184
7.035646258,560.265
7.041451247,560.459
7.047256235,560.068
7.053061224,559.835
7.058866213,559.673
7.064671201,559.474
7.070476190,559.568
7.076281179,559.601
7.082086167,559.857
7.087891156,560.158
7.093696145,560.532
7.099501133,560.797
7.105306122,560.823
7.111111111,560.819
7.116916099,560.432
7.122721088,560.298
7.128526077,559.958
7.134331065,559.771
7.140136054,559.717
7.145941043,559.706
7.151746031,559.857
7.157551020,560.206
7.163356009,560.629
7.169160997,561.029
7.174965986,561.78
7.180770975,561.75
7.186575963,561.698
7.192380952,561.416
7.198185941,561.16
7.203990929,561.199
7.209795918,561.061
7.215600907,561.212
7.221405895,561.098
7.227210884,561.32
7.233015873,561.1
7.238820861,560.709
7.244625850,560.556
7.250430839,560.216
7.256235827,560.273
7.262040816,560.508
7.267845804,560.728
7.273650793,561.186
7.279455782,561.424
7.285260770,561.524
7.291065759,561.296
7.296870748,560.762
7.302675736,560.565
7.308480725,560.176
7.314285714,560.027
7.320090702,560.1
7.325895691,560.267
7.331700680,560.685
7.337505668,560.924
7.343310657,561.306
7.349115646,561.249
7.354920634,561.082
7.360725623,561.093
7.366530612,561.007
7.372335600,561.025
7.378140589,561.366
7.383945578,561.186
7.389750566,560.947
7.395555555,560.731
7.401360544,559.99
7.407165532,559.526
7.412970521,559.024
7.418775510,558.447
7.424580498,558.216
7.430385487,558.333
7.436190476,558.619
7.441995464,559.082
7.447800453,559.78
7.453605442,560.062
7.459410430,560.946
7.465215419,561.164
7.471020408,561.051
7.476825396,561.51
7.482630385,560.682
7.488435374,560.543
7.494240362,560.586
7.500045351,560.311
7.505850340,560.184
7.511655328,560.335
7.517460317,560
7.523265306,559.797
7.529070294,560.038
7.534875283,559.961
7.540680272,560.906
7.546485260,561.875
7.552290249,561.833
7.558095238,562.128
7.563900226,561.573
7.569705215,561.234
7.575510204,561.042
7.581315192,561.8
7.587120181,562.458
7.592925170,563.021
7.598730158,564.244
7.604535147,563.47
7.610340136,563.576
7.616145124,563.111
7.621950113,563.574
7.627755102,563.744
7.633560090,563.218
7.639365079,564.457
7.645170068,565.388
7.650975056,565.08
7.656780045,566.038
7.662585034,564.169
7.668390022,562.166
7.674195011,562.443
7.680000000,561.294
7.685804988,562.196
7.691609977,562.891
7.697414965,563.727
7.703219954,565.318
7.709024943,563.792
7.714829931,564.4
7.720634920,565.019
7.726439909,565.791
7.732244897,568.473
7.738049886,568.094
7.743854875,566.251
7.749659863,563.198
7.755464852,564.236
7.761269841,564.764
7.767074829,563.871
7.772879818,568.177
7.778684807,566.269
7.784489795,566.669
7.790294784,567.833
7.796099773,564.533
7.801904761,566.447
7.807709750,567.658
7.813514739,570.419
7.819319727,571.004
7.825124716,570.832
7.830929705,571.451
7.836734693,573.569
7.842539682,573.738
7.848344671,575.536
7.854149659,573.621
7.859954648,567.747
7.865759637,568.247
7.871564625,568.109
7.877369614,565.401
7.883174603,567.032
8.074739229,762.844
8.080544217,752.622
8.086349206,753.577
8.092154195,751.396
8.097959183,750.26
8.103764172,751.378
8.109569160,751.734
8.115374149,752.658
8.121179138,752.579
8.126984126,753.19
8.132789115,753.549
8.138594104,753.318
8.144399092,752.869
8.150204081,752.625
8.156009070,752.669
8.161814058,752.837
8.167619047,753.147
8.173424036,753.606
8.179229024,753.993
8.185034013,754.445
8.190839002,754.789
8.196643990,754.891
8.202448979,754.735
8.208253968,754.397
8.214058956,754.106
8.219863945,753.903
8.225668934,754.006
8.231473922,754.249
8.237278911,754.346
8.243083900,754.36
8.248888888,754.333
8.254693877,754.173
8.260498866,754.047
8.266303854,753.891
8.272108843,753.644
8.277913832,753.406
8.283718820,753.056
8.289523809,752.812
8.295328798,752.552
8.301133786,752.592
8.306938775,752.786
8.312743764,753.132
8.318548752,753.522
8.324353741,753.718
8.330158730,753.865
8.335963718,754.008
8.341768707,754.25
8.347573696,754.504
8.353378684,754.648
8.359183673,754.602
8.364988662,754.403
8.370793650,754.228
8.376598639,754.138
8.382403628,754.149
8.388208616,754.179
8.394013605,754.268
8.399818594,754.359
8.405623582,754.371
8.411428571,754.435
8.417233560,754.516
8.423038548,754.623
8.428843537,754.813
8.434648526,754.982
8.440453514,754.981
8.446258503,754.839
8.452063492,754.585
8.457868480,754.314
8.463673469,754.164
8.469478458,754.108
8.475283446,754.151
8.481088435,754.143
8.486893424,754.157
8.492698412,754.117
8.498503401,754.137
8.504308390,754.133
8.510113378,754.2
8.515918367,754.227
8.521723356,754.243
8.527528344,754.326
8.533333333,754.3
8.539138321,754.279
8.544943310,754.169
8.550748299,754.024
8.556553287,753.907
8.562358276,753.849
8.568163265,753.816
8.573968253,753.846
8.579773242,753.817
8.585578231,753.802
8.591383219,753.739
8.597188208,753.598
8.602993197,753.49
8.608798185,753.362
8.614603174,753.326
8.620408163,753.44
8.626213151,753.567
8.632018140,753.679
8.637823129,753.627
8.643628117,753.47
8.649433106,753.286
8.655238095,753.166
8.661043083,753.147
8.666848072,753.2
8.672653061,753.272
8.678458049,753.333
8.684263038,753.365
8.690068027,753.354
8.695873015,753.3
8.701678004,753.164
8.707482993,753.092
8.713287981,753.009
8.719092970,752.91
8.724897959,752.92
8.730702947,752.834
8.736507936,752.761
8.742312925,752.764
8.748117913,752.777
8.753922902,752.9
8.759727891,753.086
8.765532879,753.207
8.771337868,753.304
8.777142857,753.378
8.782947845,753.377
8.788752834,753.457
8.794557823,753.503
8.800362811,753.521
8.806167800,753.564
8.811972789,753.631
8.817777777,753.645
8.823582766,753.601
8.829387755,753.577
8.835192743,753.56
8.840997732,753.677
8.846802721,753.81
8.852607709,753.895
8.858412698,753.927
8.864217687,753.839
8.870022675,753.804
8.875827664,753.83
8.881632653,753.813
8.887437641,753.786
8.893242630,753.707
8.899047619,753.64
8.904852607,753.544
8.910657596,753.503
8.916462585,753.524
8.922267573,753.568
8.928072562,753.698
8.933877551,753.791
8.939682539,753.827
8.945487528,753.743
8.951292517,753.58
8.957097505,753.44
8.962902494,753.313
8.968707482,753.188
8.974512471,753.112
8.980317460,753.007
8.986122448,752.887
8.991927437,752.717
8.997732426,752.465
9.003537414,752.202
9.009342403,751.896
9.015147392,751.552
9.020952380,751.143
9.026757369,751.193
9.032562358,751.179
9.038367346,751.156
9.044172335,751.572
9.049977324,751.041
9.055782312,751.01
9.061587301,752.619
9.067392290,754.195
9.073197278,753.652
9.079002267,753.86
9.084807256,753.121
9.090612244,752.289
9.096417233,753.993
9.102222222,752.805
9.108027210,752.436
9.113832199,752.392
9.119637188,752.922
9.125442176,752.649
9.131247165,750.586
9.137052154,745.16
9.142857142,740.687
9.148662131,730.571
9.166077097,551.533
9.171882086,556.315
9.177687074,560.093
9.183492063,562.18
9.189297052,563.563
9.195102040,563.732
9.200907029,562.538
9.206712018,560.184
9.212517006,559.059
9.218321995,558.594
9.224126984,558.067
9.229931972,557.059
9.235736961,555.072
9.241541950,554.035
9.247346938,553.378
9.253151927,552.85
9.258956916,552.465
9.264761904,552.248
9.270566893,552.301
9.276371882,553.838
9.282176870,555.919
9.287981859,557.635
9.293786848,559.031
9.299591836,560.136
9.305396825,560.518
9.311201814,559.392
9.317006802,559.043
9.322811791,558.145
9.328616780,558.352
9.334421768,559.888
9.340226757,561.188
9.346031746,563.293
9.351836734,564.638
9.357641723,565.812
9.363446712,564.933
9.369251700,562.998
9.375056689,561.775
9.380861678,561.365
9.386666666,562.79
9.392471655,564.228
9.398276643,564.679
9.404081632,564.202
9.409886621,562.904
9.415691609,561.225
9.421496598,559.443
9.427301587,558.797
9.433106575,558.953
9.438911564,559.049
9.444716553,559.225
9.450521541,558.739
9.456326530,558.019
9.462131519,557.367
9.467936507,556.672
9.473741496,556.673
9.479546485,556.637
9.485351473,556.608
9.491156462,556.593
9.496961451,556.36
9.502766439,556.44
9.508571428,556.55
9.514376417,556.97
9.520181405,557.205
9.525986394,557.111
9.531791383,557.096
9.537596371,556.926
9.543401360,556.788
9.549206349,556.846
9.555011337,557.045
9.560816326,557.32
9.566621315,557.504
9.572426303,557.672
9.578231292,557.428
9.584036281,557.169
9.589841269,557.054
9.595646258,556.836
9.601451247,556.912
9.607256235,556.901
9.613061224,556.979
9.618866213,557.109
9.624671201,557.107
9.630476190,557.151
9.636281179,557.008
9.642086167,557.076
9.647891156,557.106
9.653696145,557.097
9.659501133,557.224
9.665306122,557.16
9.671111111,557.208
9.676916099,557.318
9.682721088,557.426
9.688526077,557.583
9.694331065,557.781
9.700136054,557.922
9.705941043,558.016
9.711746031,558.006
9.717551020,557.927
9.723356009,557.936
9.729160997,557.974
9.734965986,558.089
9.740770975,558.132
9.746575963,558.135
9.752380952,558.086
9.758185941,558.112
9.763990929,558.23
9.769795918,558.319
9.775600907,558.428
9.781405895,558.538
9.787210884,558.624
9.793015873,558.715
9.798820861,558.778
9.804625850,558.677
9.810430839,558.51
9.816235827,558.371
9.822040816,558.214
9.827845804,558.193
9.833650793,558.169
9.839455782,558.132
9.845260770,558.121
9.851065759,558.003
9.856870748,557.926
9.862675736,557.778
9.868480725,557.649
9.874285714,557.5
9.880090702,557.255
9.885895691,557.062
9.891700680,556.77
9.897505668,556.501
9.903310657,556.217
9.909115646,555.875
9.914920634,555.665
9.920725623,555.486
9.926530612,555.426
9.932335600,555.319
9.938140589,555.261
9.943945578,555.268
9.949750566,555.275
9.955555555,555.43
9.961360544,555.633
9.967165532,556.029
9.972970521,556.504
9.978775510,557.095
9.984580498,557.829
9.990385487,558.33
9.996190476,558.731
10.001995464,558.903
10.007800453,558.933
10.013605442,558.885
10.019410430,558.739
10.025215419,558.581
10.031020408,558.433
10.036825396,558.312
10.042630385,558.29
10.048435374,558.288
10.054240362,558.391
10.060045351,558.536
10.065850340,558.687
10.071655328,558.994
10.077460317,559.381
10.083265306,559.848
10.089070294,560.239
10.094875283,560.232
10.100680272,559.535
10.106485260,558.754
10.112290249,558.144
10.118095238,557.514
10.123900226,557.026
10.129705215,556.54
10.135510204,556.072
10.141315192,555.729
10.147120181,555.324
10.152925170,555.155
10.158730158,554.91
10.164535147,554.915
10.170340136,555.092
10.176145124,555.24
10.181950113,555.689
10.187755102,556.14
10.193560090,556.672
10.199365079,557.27
10.205170068,557.821
10.210975056,558.447
10.216780045,558.91
10.222585034,559.264
10.228390022,559.514
10.234195011,559.267
10.240000000,559.041
10.245804988,558.776
10.251609977,558.589
10.257414965,558.49
10.263219954,558.452
10.269024943,558.481
10.274829931,558.466
10.280634920,558.624
10.286439909,558.75
10.292244897,558.94
10.298049886,559.17
10.303854875,559.214
10.309659863,559.144
10.315464852,558.786
10.321269841,558.355
10.327074829,557.964
10.332879818,557.696
10.338684807,557.707
10.344489795,557.7
10.350294784,557.874
10.356099773,558.014
10.361904761,558.116
10.367709750,558.28
10.373514739,558.205
10.379319727,558.19
10.385124716,558.108
10.390929705,557.969
10.396734693,558.051
10.402539682,557.972
10.408344671,557.942
10.414149659,558.03
10.419954648,557.989
10.425759637,558.06
10.431564625,558.117
10.437369614,558.114
10.443174603,558.287
10.448979591,558.859
10.454784580,559.172
10.460589569,561.098
10.466394557,566.551
10.472199546,571.658
10.478004535,574.178
10.483809523,577.075
10.489614512,578.426
10.495419501,581.143
10.501224489,582.051
10.507029478,582.86
10.512834467,584.542
10.518639455,585.511
10.524444444,589.38
10.530249433,588.617
10.536054421,589.237
10.541859410,589.134
10.547664399,590.494
10.553469387,592.084
10.559274376,592.367
10.565079365,591.863
10.570884353,590.165
10.576689342,591.549
10.582494331,590.797
10.588299319,591.933
10.594104308,591.456
10.599909297,590.168
10.605714285,591.346
10.611519274,591.13
10.617324263,592.188
10.623129251,591.914
10.628934240,591.466
10.634739229,591.446
10.640544217,592.353
10.646349206,592.004
10.652154195,591.816
10.657959183,592.219
10.663764172,591.744
10.669569160,593.261
10.675374149,592.945
10.681179138,593.025
10.686984126,593.007
10.692789115,593.19
10.698594104,593.88
10.704399092,593.326
10.710204081,593.879
10.716009070,593.474
10.721814058,593.766
10.727619047,594.144
10.733424036,593.562
10.739229024,593.958
10.745034013,594.065
10.750839002,594.016
10.756643990,594.323
10.762448979,594.2
10.768253968,594.218
10.774058956,594.698
10.779863945,594.459
10.785668934,594.965
10.791473922,594.765
10.797278911,595.159
10.803083900,595.368
10.808888888,595.176
10.814693877,595.469
10.820498866,595.249
10.826303854,595.705
10.832108843,595.593
10.837913832,595.607
10.843718820,595.513
10.849523809,595.502
10.855328798,595.696
10.861133786,595.363
10.866938775,595.351
10.872743764,594.502
10.878548752,594.13
10.884353741,592.005
10.890158730,591.922
10.895963718,589.807
10.901768707,588.866
10.907573696,586.198
10.913378684,583.835
10.919183673,583.54
10.924988662,582.658
10.930793650,583.641
10.936598639,582.032
10.942403628,581.005
10.948208616,579
10.954013605,577.479
10.959818594,575.734
10.965623582,575.091
10.971428571,573.698
10.977233560,572.743
10.983038548,570.959
10.988843537,567.931
10.994648526,567.656
11.000453514,565.141
11.006258503,566.144
11.012063492,563.828
11.017868480,563.223
11.023673469,562.786
11.029478458,561.509
11.035283446,561.952
11.041088435,560.499
11.046893424,562.231
11.052698412,561.562
11.058503401,562.021
11.064308390,561.533
11.070113378,561.438
11.075918367,562.533
11.081723356,562.579
11.087528344,565.76
11.093333333,562.823
11.099138321,556.327
11.104943310,544.278
11.110748299,519.673
11.116553287,508.769
11.122358276,506.487
11.128163265,508.197
11.133968253,509.396
11.139773242,510.76
11.145578231,509.438
11.151383219,511.157
11.157188208,510.343
11.162993197,509.087
11.168798185,510.253
11.174603174,509.265
11.180408163,508.466
11.186213151,506.923
11.192018140,504.732
11.197823129,503.59
11.203628117,503.254
11.209433106,504.289
11.215238095,502.861
11.221043083,502.208
11.226848072,503.374
11.232653061,503.555
11.238458049,503.11
11.244263038,502.457
11.250068027,502.36
11.255873015,502.286
11.261678004,503.084
11.267482993,502.864
11.273287981,501.555
11.279092970,500.942
11.284897959,501.28
11.290702947,501.636
11.296507936,500.739
11.302312925,499.073
11.308117913,497.109
11.313922902,491.861
11.319727891,476.528
11.325532879,453.462
11.331337868,448.602
11.337142857,449.082
11.342947845,449.427
11.348752834,449.058
11.354557823,447.984
11.360362811,447.681
11.366167800,448.19
11.371972789,448.241
11.377777777,448.946
11.383582766,447.704
11.389387755,448.124
11.395192743,448.368
11.400997732,447.437
11.406802721,448.379
11.412607709,446.948
11.418412698,446.833
11.424217687,446.799
11.430022675,446.139
11.435827664,446.853
11.441632653,446.624
11.447437641,446.298
11.453242630,446.334
11.459047619,445.498
11.464852607,445.186
11.470657596,444.928
11.476462585,444.776
11.482267573,444.726
11.488072562,444.283
11.493877551,444.052
11.499682539,443.515
11.505487528,443.642
11.511292517,443.909
11.517097505,443.507
11.522902494,443.239
11.528707482,440.899
11.534512471,439.12
11.540317460,436.774
11.546122448,431.199
11.551927437,428.153
11.557732426,420.781
11.563537414,414.886
11.569342403,413.087
11.575147392,414.393
11.580952380,412.639
11.586757369,405.118
11.592562358,403.469
11.598367346,397.33
11.604172335,393.813
11.609977324,395.304
11.615782312,393.037
11.621587301,393.941
11.627392290,394.152
11.633197278,393.589
11.639002267,392.344
11.644807256,392.533
11.650612244,391.689
11.656417233,391.641
11.662222222,392.675
11.668027210,391.58
11.673832199,392.621
11.679637188,392.293
11.685442176,391.997
11.691247165,393.095
11.697052154,392.131
11.702857142,391.975
11.708662131,391.774
11.714467120,391.178
11.720272108,391.419
11.726077097,391.153
11.731882086,391.137
11.737687074,390.795
11.743492063,390.715
11.749297052,390.993
11.755102040,390.953
11.760907029,390.984
11.766712018,390.759
11.772517006,390.672
11.778321995,388.493
11.784126984,383.852
11.789931972,380.541
11.795736961,377.035
11.801541950,374.998
11.807346938,373.833
11.813151927,372.435
11.818956916,371.281
11.824761904,371.647
11.830566893,371.794
11.836371882,371.208
11.842176870,370.687
11.847981859,370.423
11.853786848,369.977
11.859591836,369.736
11.865396825,369.654
11.871201814,369.69
11.877006802,369.384
11.882811791,369.267
11.888616780,368.986
11.894421768,369.242
11.900226757,369.09
11.906031746,369.4
11.911836734,369.278
11.917641723,369.064
11.923446712,369.033
11.929251700,368.803
11.935056689,369.077
11.940861678,369.062
11.946666666,369.292
11.952471655,369.417
11.958276643,369.18
11.964081632,369.109
11.969886621,368.889
11.975691609,368.579
11.981496598,368.664
11.987301587,368.805
11.993106575,368.642
11.998911564,369.029
12.004716553,367.304
12.010521541,365.923
12.016326530,362.593
12.022131519,359.171
12.027936507,363.131
12.039546485,293.33
12.045351473,292.652
12.051156462,294.72
12.056961451,292.551
12.062766439,292.112
12.068571428,292.351
12.074376417,290.281
12.080181405,292.563
12.085986394,292.406
12.091791383,292.877
12.097596371,293.217
12.103401360,291.895
12.109206349,292.588
12.115011337,292.498
12.120816326,293.098
12.126621315,293.592
12.132426303,293.209
12.138231292,293.198
12.144036281,292.837
12.149841269,293.398
12.155646258,293.388
12.161451247,293.367
12.167256235,293.583
12.173061224,293.43
12.178866213,293.788
12.184671201,294.13
12.190476190,293.844
12.196281179,293.871
12.202086167,293.726
12.207891156,293.606
12.213696145,293.867
12.219501133,293.593
12.225306122,293.773
12.231111111,293.728
12.236916099,293.505
12.242721088,293.842
12.248526077,293.591
12.254331065,293.719
12.260136054,293.89
12.265941043,293.532
12.271746031,293.937
12.277551020,293.519
12.283356009,293.704
12.289160997,293.921
12.294965986,293.494
12.300770975,294.078
12.306575963,293.723
12.312380952,297.19
12.318185941,302.059
12.323990929,309.663
12.329795918,317.96
12.335600907,326.665
12.341405895,327.323
12.347210884,327.469
12.353015873,328.611
12.358820861,329.154
12.364625850,329.703
12.370430839,328.728
12.376235827,328.677
12.382040816,328.366
12.387845804,328.455
12.393650793,329.151
12.399455782,329.185
12.405260770,329.785
12.411065759,329.887
12.416870748,329.323
12.422675736,329.187
12.428480725,329.157
12.434285714,329.094
12.440090702,329.053
12.445895691,329.237
12.451700680,329.097
12.457505668,329.126
12.463310657,329.475
12.469115646,329.11
12.474920634,329.152
12.480725623,328.824
12.486530612,328.582
12.492335600,328.654
12.498140589,328.456
12.503945578,328.668
12.509750566,328.795
12.515555555,328.805
12.521360544,329.022
12.527165532,328.969
12.532970521,328.829
12.538775510,328.98
12.544580498,329.039
12.550385487,328.884
12.556190476,328.933
12.561995464,328.938
12.567800453,328.991
12.573605442,329.114
12.579410430,328.926
12.585215419,328.862
12.591020408,328.726
12.596825396,328.712
12.602630385,329.052
12.608435374,329.023
12.614240362,329.094
12.620045351,329.205
12.625850340,329.21
12.631655328,329.602
12.637460317,329.817
12.643265306,330.113
12.649070294,330.529
12.654875283,331.766
12.660680272,332.822
12.666485260,333.94
12.672290249,333.277
12.678095238,335.147
12.683900226,336.319
12.689705215,337.481
12.695510204,340.308
12.701315192,342.651
12.707120181,350.925
12.712925170,359.991
12.718730158,363.798
12.724535147,366.167
12.730340136,366.419
12.736145124,365.542
12.741950113,364.846
12.747755102,365.439
12.753560090,365.896
12.759365079,366.203
12.765170068,365.52
12.770975056,363.361
12.776780045,363.944
12.782585034,364.525
12.788390022,365.824
12.794195011,366.864
12.800000000,368.179
12.805804988,365.943
12.811609977,363.799
12.817414965,361.063
12.823219954,354.982
12.829024943,354.186
12.834829931,353.057
12.840634920,354.483
12.846439909,358.528
12.852244897,360.379
12.858049886,363
12.863854875,364.485
12.869659863,365.12
12.875464852,366.127
12.881269841,365.033
12.887074829,365.781
12.892879818,365.445
12.898684807,366.774
12.904489795,368.005
12.910294784,368.437
12.916099773,368.848
12.921904761,368.48
12.927709750,369.259
12.933514739,368.329
12.939319727,369.668
12.945124716,369.393
12.950929705,369.08
12.956734693,369.818
12.962539682,369.427
12.968344671,369.553
12.974149659,369.928
12.979954648,369.492
12.985759637,369.541
12.991564625,369.927
12.997369614,369.209
13.003174603,370.381
13.008979591,370.416
13.014784580,369.533
13.020589569,370.638
13.026394557,369.899
13.032199546,369.886
13.038004535,369.922
13.043809523,369.154
13.049614512,369.804
13.055419501,369.601
13.061224489,369.879
13.067029478,370.52
13.072834467,370.024
13.078639455,370.311
13.084444444,370.801
13.090249433,370.571
13.096054421,370.857
13.101859410,370.959
13.107664399,370.999
13.113469387,371.432
13.119274376,371.383
13.125079365,370.886
13.130884353,371.191
13.136689342,370.634
13.142494331,371.336
13.148299319,370.78
13.154104308,370.866
13.159909297,370.594
13.165714285,369.895
13.171519274,370.203
13.177324263,369.83
13.183129251,369.524
13.188934240,370.194
13.194739229,370.246
13.200544217,369.946
13.206349206,370.753
13.212154195,370.07
13.217959183,369.443
13.223764172,369.504
13.229569160,367.611
13.235374149,367.146
13.241179138,366.216
13.246984126,366.231
13.252789115,366.175
13.258594104,368.951
13.264399092,368.156
13.270204081,369.177
13.276009070,370.169
13.281814058,368.786
13.287619047,369.212
13.293424036,369.443
13.299229024,369.076
13.305034013,369.165
13.310839002,370.99
13.316643990,370.527
13.322448979,370.525
13.328253968,370.553
13.334058956,370.835
13.339863945,370.827
13.345668934,370.856
13.351473922,371.159
13.357278911,370.389
13.363083900,369.742
13.368888888,370.663
13.374693877,369.664
13.380498866,369.265
13.386303854,369.507
13.392108843,368.373
13.397913832,370.297
13.403718820,369.042
13.409523809,370.111
13.415328798,369.235
13.421133786,369.422
13.426938775,370.099
13.432743764,370.043
13.438548752,370.277
13.444353741,370.109
13.450158730,370.274
13.455963718,370.339
13.461768707,369.692
13.467573696,369.511
13.473378684,369.817
13.479183673,368.983
13.484988662,371.045
13.490793650,370.55
13.496598639,370.704
13.502403628,370.48
13.508208616,370.997
13.514013605,370.694
13.519818594,370.767
13.525623582,370.775
13.531428571,368.984
13.537233560,369.098
13.543038548,369.208
13.548843537,368.226
13.554648526,370.027
13.560453514,370.624
13.566258503,370.87
13.572063492,372.961
