0.023219954,0
0.029024943,0
0.034829931,0
0.04063492,0
0.046439909,0
0.052244897,0
0.058049886,99.3777
0.063854875,98.7653
0.069659863,98.7306
0.075464852,98.7037
0.081269841,91.392
0.087074829,87.382
0.092879818,85.532
0.098684807,78.8162
0.104489795,0
0.110294784,0
0.116099773,0
0.121904761,0
0.12770975,0
0.133514739,0
0.139319727,0
0.145124716,0
0.150929705,0
0.156734693,0
0.162539682,0
0.168344671,0
0.174149659,0
0.179954648,0
0.185759637,0
0.191564625,0
0.197369614,0
0.203174603,0
0.208979591,0
0.21478458,80.8271
0.220589569,82.4995
0.226394557,86.0296
0.232199546,87.9285
0.238004535,94.6851
0.243809523,101.92
0.249614512,101.912
0.255419501,104.562
0.261224489,96.3922
0.267029478,91.922
0.272834467,87.3958
0.278639455,83.7315
0.284444444,80.3719
0.290249433,80.3979
0.296054421,86.0162
0.30185941,86.0406
0.307664399,90.4076
0.313469387,87.9289
0.319274376,86.0479
0.325079365,89.8956
0.330884353,91.9704
0.336689342,101.898
0.342494331,110.37
0.348299319,121.205
0.354104308,120.284
0.359909297,120.253
0.365714285,113.416
0.371519274,109.53
0.377324263,109.516
0.383129251,109.54
0.38893424,109.523
0.394739229,106.649
0.400544217,0
0.406349206,0
0.412154195,0
0.417959183,0
0.423764172,0
0.42956916,0
0.435374149,0
0.441179138,0
0.446984126,113.485
0.452789115,120.281
0.458594104,116.751
0.464399092,113.423
0.470204081,112.633
0.47600907,120.212
0.481814058,112.625
0.487619047,0
0.493424036,0
0.499229024,0
0.505034013,0
0.510839002,0
0.51664399,0
0.522448979,91.9699
0.528253968,94.1177
0.534058956,94.1225
0.539863945,91.9604
0.545668934,86.0408
0.551473922,88.4085
0.557278911,87.9078
0.5630839,87.9037
0.568888888,87.4101
0.574693877,96.3212
0.580498866,106.568
0.586303854,109.498
0.592108843,107.308
0.597913832,109.521
0.60371882,103.852
0.609523809,96.37
0.615328798,94.0979
0.621133786,92.4692
0.626938775,91.4495
0.632743764,91.4475
0.638548752,91.4549
0.644353741,89.4277
0.65015873,90.3962
0.655963718,89.4015
0.661768707,89.3931
0.667573696,88.3585
0.673378684,88.3522
0.679183673,88.3103
0.684988662,88.3235
0.69079365,87.3367
0.696598639,87.3479
0.702403628,87.2844
0.708208616,86.9527
0.714013605,86.9481
0.719818594,86.9327
0.725623582,86.9458
0.731428571,86.93
0.73723356,86.9434
0.743038548,86.9472
0.748843537,86.9505
0.754648526,86.9498
0.760453514,86.936
0.766258503,87.2571
0.772063492,87.2549
0.77786848,87.2761
0.783673469,87.2946
0.789478458,87.2887
0.795283446,87.3068
0.801088435,87.2878
0.806893424,87.352
0.812698412,87.3389
0.818503401,87.3681
0.82430839,87.4081
0.830113378,87.3519
0.835918367,87.3937
0.841723356,87.3419
0.847528344,87.4201
0.853333333,87.4443
0.859138321,87.4307
0.86494331,87.4558
0.870748299,87.4467
0.876553287,87.4135
0.882358276,87.4376
0.888163265,87.4375
0.893968253,87.4541
0.899773242,87.4669
0.905578231,87.4714
0.911383219,87.4703
0.917188208,87.4576
0.922993197,87.4386
0.928798185,87.4232
0.934603174,87.3792
0.940408163,87.3297
0.946213151,87.2601
0.95201814,87.0075
0.957823129,87.3231
0.963628117,87.324
0.969433106,87.3617
0.975238095,87.3588
0.981043083,87.3558
0.986848072,87.3706
0.992653061,87.3656
0.998458049,87.3821
1.004263038,87.4206
1.010068027,87.4342
1.015873015,87.4292
1.021678004,87.4256
1.027482993,87.4109
1.033287981,87.3763
1.03909297,87.3606
1.044897959,87.3654
1.050702947,87.3489
1.056507936,87.3585
1.062312925,87.3644
1.068117913,87.4278
1.073922902,87.4351
1.079727891,87.4336
1.085532879,87.4451
1.091337868,87.4343
1.097142857,87.4233
1.102947845,87.4333
1.108752834,87.3798
1.114557823,87.3928
1.120362811,87.3738
1.1261678,87.3799
1.131972789,87.3847
1.137777777,87.393
1.143582766,87.4297
1.149387755,87.466
1.155192743,87.4594
1.160997732,87.4681
1.166802721,87.452
1.172607709,87.4152
1.178412698,87.3896
1.184217687,87.3795
1.190022675,87.3797
1.195827664,87.3991
1.201632653,87.4283
1.207437641,87.4649
1.21324263,87.4708
1.219047619,87.4571
1.224852607,87.4623
1.230657596,87.4463
1.236462585,87.4486
1.242267573,87.4494
1.248072562,87.454
1.253877551,87.4419
1.259682539,87.415
1.265487528,87.4097
1.271292517,87.3672
1.277097505,87.3635
1.282902494,87.3664
1.288707482,87.374
1.294512471,87.3863
1.30031746,87.441
1.306122448,87.4551
1.311927437,87.4781
1.317732426,87.4752
1.323537414,87.4724
1.329342403,87.4679
1.335147392,87.4783
1.34095238,87.4895
1.346757369,87.4999
1.352562358,87.5128
1.358367346,87.4998
1.364172335,87.4938
1.369977324,87.4717
1.375782312,87.4245
1.381587301,87.3923
1.38739229,87.3904
1.393197278,87.3885
1.399002267,87.3964
1.404807256,87.4288
1.410612244,87.4395
1.416417233,87.4333
1.422222222,87.4482
1.42802721,87.4347
1.433832199,87.4621
1.439637188,87.4541
1.445442176,87.4783
1.451247165,87.508
1.457052154,87.4656
1.462857142,87.4803
1.468662131,87.5199
1.47446712,87.5104
1.480272108,87.8799
1.486077097,87.889
1.491882086,87.9112
1.497687074,88.2914
1.503492063,88.2934
1.509297052,87.9585
1.51510204,88.3183
1.520907029,88.2936
1.526712018,88.3089
1.532517006,88.3002
1.538321995,87.8987
1.544126984,88.2982
1.549931972,87.8642
1.555736961,87.8619
1.56154195,87.5159
1.567346938,87.4897
1.573151927,87.4558
1.578956916,87.4103
1.584761904,87.3786
1.590566893,87.3717
1.596371882,87.3626
1.60217687,87.3671
1.607981859,87.346
1.613786848,87.3613
1.619591836,87.3462
1.625396825,87.3611
1.631201814,87.3279
1.637006802,87.3329
1.642811791,87.3004
1.64861678,87.2419
1.654421768,87.3945
1.660226757,87.3288
1.666031746,87.4378
1.671836734,87.4335
1.677641723,87.4853
1.683446712,87.5034
1.6892517,87.865
1.695056689,87.8811
1.700861678,88.2931
1.706666666,88.3129
1.712471655,88.3004
1.718276643,88.3117
1.724081632,88.3269
1.729886621,88.3093
1.735691609,88.3284
1.741496598,88.2935
1.747301587,88.3064
1.753106575,87.9201
1.758911564,87.9232
1.764716553,87.8912
1.770521541,87.894
1.77632653,87.848
1.782131519,87.83
1.787936507,87.8186
1.793741496,87.8158
1.799546485,87.4466
1.805351473,87.438
1.811156462,87.3626
1.816961451,87.37
1.822766439,87.3135
1.828571428,87.022
1.834376417,87.0025
1.840181405,87.0003
1.845986394,86.9975
1.851791383,86.9848
1.857596371,86.98
1.86340136,86.9691
1.869206349,86.9754
1.875011337,87.2503
1.880816326,87.2934
1.886621315,87.3101
1.892426303,87.3441
1.898231292,87.3731
1.904036281,87.4395
1.909841269,87.4603
1.915646258,87.4893
1.921451247,87.5056
1.927256235,87.509
1.933061224,87.5185
1.938866213,87.5155
1.944671201,87.816
1.95047619,87.4762
1.956281179,87.4821
1.962086167,87.4798
1.967891156,87.485
1.973696145,87.4898
1.979501133,87.4906
1.985306122,87.4535
1.991111111,87.4438
1.996916099,87.4334
2.002721088,87.4334
2.008526077,87.4215
2.014331065,87.4256
2.020136054,87.0136
2.025941043,87.2596
2.031746031,86.9782
2.03755102,87.2426
2.043356009,87.2503
2.049160997,86.9566
2.054965986,87.2701
2.060770975,86.9779
2.066575963,86.9953
2.072380952,87.0029
2.078185941,87.2832
2.083990929,87.3614
2.089795918,87.424
2.095600907,87.4402
2.101405895,87.4622
2.107210884,87.4787
2.113015873,87.5076
2.118820861,87.5308
2.12462585,88.2903
2.130430839,87.8593
2.136235827,87.8538
2.142040816,87.8373
2.147845804,87.84
2.153650793,87.8299
2.159455782,87.5148
2.16526077,87.5072
2.171065759,87.5174
2.176870748,87.4932
2.182675736,87.4941
2.188480725,87.4696
2.194285714,87.46
2.200090702,87.4192
2.205895691,87.4185
2.21170068,87.3649
2.217505668,87.3781
2.223310657,87.357
2.229115646,87.2995
2.234920634,86.9906
2.240725623,86.9855
2.246530612,86.9697
2.2523356,86.9543
2.258140589,87.2691
2.263945578,87.2738
2.269750566,87.3162
2.275555555,87.3439
2.281360544,87.4173
2.287165532,87.441
2.292970521,87.4652
2.29877551,87.816
2.304580498,88.3126
2.310385487,88.3109
2.316190476,88.3399
2.321995464,88.3442
2.327800453,88.3464
2.333605442,88.3601
2.33941043,88.3283
2.345215419,88.3488
2.351020408,88.3311
2.356825396,88.3406
2.362630385,88.329
2.368435374,88.3279
2.374240362,88.3132
2.380045351,87.8885
2.38585034,87.8513
2.391655328,87.8355
2.397460317,87.446
2.403265306,87.4537
2.409070294,87.4116
2.414875283,87.4199
2.420680272,87.3953
2.42648526,87.4274
2.432290249,87.3777
2.438095238,87.3438
2.443900226,87.3271
2.449705215,87.291
2.455510204,87.3668
2.461315192,87.3455
2.467120181,87.4025
2.47292517,87.4301
2.478730158,87.4641
2.484535147,87.4969
2.490340136,87.5143
2.496145124,88.3228
2.501950113,88.3143
2.507755102,88.3521
2.51356009,88.3572
2.519365079,88.3404
2.525170068,88.3527
2.530975056,88.3162
2.536780045,88.3215
2.542585034,88.2965
2.548390022,88.2923
2.554195011,88.3001
2.56,88.2901
2.565804988,88.2949
2.571609977,87.8686
2.577414965,87.4912
2.583219954,87.4893
2.589024943,87.4594
2.594829931,87.4592
2.60063492,87.4357
2.606439909,87.4485
2.612244897,87.4176
2.618049886,87.3255
2.623854875,87.309
2.629659863,87.2602
2.635464852,87.3464
2.641269841,87.2838
2.647074829,87.414
2.652879818,87.4159
2.658684807,87.38
2.664489795,87.4103
2.670294784,87.4175
2.676099773,87.819
2.681904761,87.8296
2.68770975,88.3105
2.693514739,88.3314
2.699319727,88.3372
2.705124716,88.3622
2.710929705,93.9456
2.716734693,93.9735
2.722539682,93.9499
2.728344671,88.3808
2.734149659,88.3904
2.739954648,88.3998
2.745759637,88.4016
2.751564625,88.3931
2.757369614,88.3761
2.763174603,88.34
2.768979591,88.3046
2.77478458,88.3125
2.780589569,87.9385
2.786394557,88.3004
2.792199546,87.8896
2.798004535,87.8604
2.803809523,87.5188
2.809614512,87.5068
2.815419501,87.454
2.821224489,87.4423
2.827029478,87.3864
2.832834467,87.3103
2.838639455,87.2527
2.844444444,87.2642
2.850249433,87.2656
2.856054421,87.2944
2.86185941,87.3074
2.867664399,87.3156
2.873469387,87.362
2.879274376,87.3432
2.885079365,87.3737
2.890884353,87.3535
2.896689342,87.3648
2.902494331,87.3725
2.908299319,87.4284
2.914104308,87.4562
2.919909297,87.8615
2.925714285,88.3125
2.931519274,88.3021
2.937324263,88.336
2.943129251,88.3046
2.94893424,88.308
2.954739229,87.875
2.960544217,87.8719
2.966349206,87.9238
2.972154195,87.9026
2.977959183,87.9313
2.983764172,87.9413
2.98956916,87.8999
2.995374149,87.8923
3.001179138,87.8662
3.006984126,87.8649
3.012789115,87.5655
3.018594104,87.7974
3.024399092,87.484
3.030204081,87.473
3.03600907,87.5386
3.041814058,87.5281
3.047619047,87.8565
3.053424036,87.8685
3.059229024,87.8847
3.065034013,87.9145
3.070839002,87.895
3.07664399,87.8975
3.082448979,87.8378
3.088253968,87.8297
3.094058956,87.5672
3.099863945,87.5623
3.105668934,87.5497
3.111473922,87.5795
3.117278911,87.5615
3.1230839,87.5309
3.128888888,87.5356
3.134693877,87.4711
3.140498866,87.4547
3.146303854,87.4776
3.152108843,87.4669
3.157913832,87.5074
3.16371882,87.5098
3.169523809,87.5686
3.175328798,87.8288
3.181133786,87.9164
3.186938775,87.9199
3.192743764,88.329
3.198548752,88.3855
3.204353741,88.3177
3.21015873,88.3045
3.215963718,88.3
3.221768707,87.3778
3.227573696,87.8162
3.233378684,88.3115
3.239183673,88.3281
3.244988662,88.3524
3.25079365,88.3566
3.256598639,88.361
3.262403628,88.362
3.268208616,88.3637
3.274013605,88.3682
3.279818594,88.3723
3.285623582,88.3798
3.291428571,88.3797
3.29723356,88.3747
3.303038548,88.3723
3.308843537,88.361
3.314648526,88.3596
3.320453514,88.343
3.326258503,88.351
3.332063492,88.3395
3.33786848,88.3524
3.343673469,88.3615
3.349478458,88.3729
3.355283446,88.3796
3.361088435,88.3754
3.366893424,88.3834
3.372698412,89.3833
3.378503401,89.3941
3.38430839,89.4086
3.390113378,89.4071
3.395918367,88.3644
3.401723356,88.3456
3.407528344,88.3103
3.413333333,87.3873
3.419138321,87.3468
3.42494331,87.3484
3.430748299,87.299
3.436553287,87.2865
3.442358276,86.9679
3.448163265,86.9519
3.453968253,86.9304
3.459773242,86.912
3.465578231,86.9328
3.471383219,86.9149
3.477188208,86.9182
3.482993197,86.9109
3.488798185,86.9034
3.494603174,86.9049
3.500408163,86.8315
3.506213151,87.2544
3.51201814,86.8715
3.517823129,87.26
3.523628117,87.265
3.529433106,86.9724
3.535238095,87.3104
3.541043083,87.3552
3.546848072,87.4218
3.552653061,87.4461
3.558458049,88.2888
3.564263038,88.3129
3.570068027,88.2963
3.575873015,88.3232
3.581678004,88.3053
3.587482993,88.307
3.593287981,88.3051
3.59909297,87.8696
3.604897959,88.3088
3.610702947,87.8831
3.616507936,88.3065
3.622312925,87.8637
3.628117913,87.8767
3.633922902,87.5266
3.639727891,87.5336
3.645532879,87.5135
3.651337868,87.5259
3.657142857,87.486
3.662947845,87.4991
3.668752834,87.4873
3.674557823,87.4798
3.680362811,87.4783
3.6861678,87.459
3.691972789,87.4509
3.697777777,87.4136
3.703582766,87.457
3.709387755,87.4614
3.715192743,87.5014
3.720997732,87.5218
3.726802721,87.8363
3.732607709,87.8363
3.738412698,87.8223
3.744217687,87.8375
3.750022675,87.8178
3.755827664,87.83
3.761632653,87.5439
3.767437641,87.5334
3.77324263,87.509
3.779047619,87.5126
3.784852607,87.4585
3.790657596,87.4299
3.796462585,87.3652
3.802267573,87.357
3.808072562,87.337
3.813877551,87.3287
3.819682539,87.3145
3.825487528,87.332
3.831292517,87.3071
3.837097505,87.2851
3.842902494,87.3086
3.848707482,87.2387
3.854512471,87.4168
3.86031746,87.3596
3.866122448,87.382
3.871927437,87.4137
3.877732426,87.3877
3.883537414,87.4042
3.889342403,87.4116
3.895147392,87.4806
3.90095238,87.5019
3.906757369,87.5416
3.912562358,87.5646
3.918367346,87.5617
3.924172335,87.8218
3.929977324,87.5658
3.935782312,87.8158
3.941587301,87.5764
3.94739229,87.8158
3.953197278,87.5426
3.959002267,87.549
3.964807256,87.491
3.970612244,87.4905
3.976417233,87.4288
3.982222222,87.4278
3.98802721,87.3617
3.993832199,87.3642
3.999637188,87.3203
4.005442176,87.3046
4.011247165,87.1139
4.017052154,87.0614
4.022857142,87.0478
4.028662131,87.042
4.03446712,86.9932
4.040272108,86.9744
4.046077097,86.9471
4.051882086,86.9197
4.057687074,86.9046
4.063492063,86.8801
4.069297052,86.9388
4.07510204,86.9414
4.080907029,87.0014
4.086712018,87.0055
4.092517006,87.292
4.098321995,87.3072
4.104126984,87.4434
4.109931972,87.4528
4.115736961,87.5096
4.12154195,87.5467
4.127346938,87.8695
4.133151927,87.8891
4.138956916,87.9393
4.144761904,88.2908
4.150566893,87.9261
4.156371882,88.296
4.16217687,87.874
4.167981859,87.8893
4.173786848,87.8156
4.179591836,87.5684
4.185396825,87.5466
4.191201814,87.5628
4.197006802,87.5105
4.202811791,87.5143
4.20861678,87.4605
4.214421768,87.4217
4.220226757,87.3827
4.226031746,87.3469
4.231836734,87.3134
4.237641723,87.2849
4.243446712,87.2725
4.2492517,87.0344
4.255056689,87.2444
4.260861678,87.0234
4.266666666,87.0217
4.272471655,87.028
4.278276643,87.0299
4.284081632,87.2612
4.289886621,87.3228
4.295691609,87.4542
4.301496598,87.4704
4.307301587,87.4854
4.313106575,87.5112
4.318911564,87.8133
4.324716553,87.8391
4.330521541,87.8417
4.33632653,87.8667
4.342131519,87.8539
4.347936507,87.8815
4.353741496,87.8568
4.359546485,87.8706
4.365351473,87.8646
4.371156462,87.8463
4.376961451,87.8868
4.382766439,87.8736
4.388571428,87.8582
4.394376417,87.8594
4.400181405,87.5856
4.405986394,87.5612
4.411791383,87.5356
4.417596371,87.5011
4.42340136,87.4599
4.429206349,87.4685
4.435011337,87.3523
4.440816326,87.3224
4.446621315,87.0241
4.452426303,87.009
4.458231292,86.9746
4.464036281,86.9634
4.469841269,86.9473
4.475646258,86.9313
4.481451247,86.9367
4.487256235,86.9227
4.493061224,86.9447
4.498866213,86.9409
4.504671201,86.9826
4.51047619,86.9835
4.516281179,87.0576
4.522086167,87.1931
4.527891156,87.3395
4.533696145,87.3615
4.539501133,87.5086
4.545306122,87.5038
4.551111111,87.8518
4.556916099,87.8771
4.562721088,87.824
4.568526077,87.8363
4.574331065,87.5745
4.580136054,87.5745
4.585941043,87.5358
4.591746031,87.5346
4.59755102,87.4513
4.603356009,87.4559
4.609160997,87.4374
4.614965986,87.4064
4.620770975,87.4142
4.626575963,87.3463
4.632380952,87.3207
4.638185941,87.2766
4.643990929,87.2601
4.649795918,87.0609
4.655600907,87.0475
4.661405895,86.9649
4.667210884,86.9538
4.673015873,86.9002
4.678820861,86.8809
4.68462585,86.9341
4.690430839,86.9289
4.696235827,86.9705
4.702040816,86.971
4.707845804,87.0068
4.713650793,87.0056
4.719455782,87.0621
4.72526077,87.0492
4.731065759,87.2257
4.736870748,87.2491
4.742675736,87.3604
4.748480725,87.4137
4.754285714,87.4616
4.760090702,87.4778
4.765895691,87.5139
4.77170068,87.5258
4.777505668,87.518
4.783310657,87.5254
4.789115646,87.4914
4.794920634,87.4873
4.800725623,87.4522
4.806530612,87.449
4.8123356,87.4375
4.818140589,87.4462
4.823945578,87.4419
4.829750566,87.4418
4.835555555,87.3987
4.841360544,87.3847
4.847165532,87.371
4.852970521,87.3622
4.85877551,87.341
4.864580498,87.3417
4.870385487,87.3257
4.876190476,87.3372
4.881995464,87.2922
4.887800453,87.2862
4.893605442,87.192
4.89941043,87.1792
4.905215419,87.1364
4.911020408,87.1333
4.916825396,87.0641
4.922630385,87.0631
4.928435374,87.0441
4.934240362,87.0346
4.940045351,87.042
4.94585034,87.0268
4.951655328,87.261
4.957460317,87.266
4.963265306,87.2919
4.969070294,87.3037
4.974875283,87.3301
4.980680272,87.3292
4.98648526,87.5112
4.992290249,87.5224
4.998095238,87.7656
5.003900226,87.7918
5.009705215,87.9197
5.015510204,87.9543
5.021315192,87.9935
5.027120181,88.0484
5.03292517,88.034
5.038730158,88.1259
5.044535147,88.1023
5.050340136,88.1052
5.056145124,88.1356
5.061950113,88.2093
5.067755102,88.2342
5.07356009,88.3895
5.079365079,88.4109
5.085170068,88.4771
5.090975056,88.571
5.096780045,88.7533
5.102585034,88.7688
5.108390022,88.9345
5.114195011,88.9185
5.12,89.0792
5.125804988,89.0533
5.131609977,89.365
5.137414965,89.4158
5.143219954,89.5563
5.149024943,89.6874
5.154829931,89.5819
5.16063492,89.5539
5.166439909,89.5517
5.172244897,89.5153
5.178049886,89.766
5.183854875,89.8131
5.189659863,89.9077
5.195464852,90.0447
5.201269841,89.961
5.207074829,90.5076
5.212879818,90.8439
5.218684807,92.4012
5.224489795,92.6315
5.230294784,94.8416
5.236099773,94.6715
5.241904761,94.1788
5.24770975,94.591
5.253514739,92.536
5.259319727,90.3131
5.265124716,90.3114
5.270929705,93.4731
5.276734693,94.6173
5.282539682,99.3964
5.288344671,98.6289
5.294149659,131.005
5.299954648,133.311
5.305759637,134.481
5.311564625,134.638
5.317369614,134.544
5.323174603,135.2
5.328979591,135.231
5.33478458,135.604
5.340589569,136.5
5.346394557,137.088
5.352199546,137.779
5.358004535,138.284
5.363809523,142.652
5.369614512,143.304
5.375419501,144.283
5.381224489,144.57
5.387029478,144.998
5.392834467,145.48
5.398639455,145.456
5.404444444,145.662
5.410249433,145.63
5.416054421,146.056
5.42185941,145.965
5.427664399,145.82
5.433469387,146.301
5.439274376,146.916
5.445079365,147.543
5.450884353,147.862
5.456689342,148.143
5.462494331,148.175
5.468299319,148.443
5.474104308,148.506
5.479909297,148.955
5.485714285,149.327
5.491519274,149.396
5.497324263,149.75
5.503129251,149.749
5.50893424,150.014
5.514739229,150.355
5.520544217,150.728
5.526349206,151.301
5.532154195,151.528
5.537959183,151.829
5.543764172,152.127
5.54956916,152.106
5.555374149,152.486
5.561179138,152.735
5.566984126,152.817
5.572789115,153.142
5.578594104,153.335
5.584399092,153.567
5.590204081,153.854
5.59600907,153.917
5.601814058,153.949
5.607619047,154.025
5.613424036,154.205
5.619229024,154.588
5.625034013,155.189
5.630839002,155.483
5.63664399,155.496
5.642448979,155.374
5.648253968,155.441
5.654058956,155.778
5.659863945,155.877
5.665668934,156.198
5.671473922,156.438
5.677278911,156.431
5.6830839,156.578
5.688888888,156.604
5.694693877,156.497
5.700498866,156.676
5.706303854,157.058
5.712108843,157.236
5.717913832,157.664
5.72371882,157.864
5.729523809,157.94
5.735328798,158.301
5.741133786,158.215
5.746938775,158.248
5.752743764,158.178
5.758548752,158.207
5.764353741,158.467
5.77015873,158.81
5.775963718,159.298
5.781768707,159.393
5.787573696,159.204
5.793378684,159.188
5.799183673,159.455
5.804988662,159.69
5.81079365,160.106
5.816598639,160.248
5.822403628,160.124
5.828208616,160.016
5.834013605,160.186
5.839818594,160.204
5.845623582,160.306
5.851428571,160.615
5.85723356,160.754
5.863038548,161.322
5.868843537,161.479
5.874648526,161.751
5.880453514,161.664
5.886258503,161.556
5.892063492,161.605
5.89786848,161.374
5.903673469,161.392
5.909478458,161.513
5.915283446,161.501
5.921088435,161.758
5.926893424,162.266
5.932698412,162.547
5.938503401,162.952
5.94430839,162.992
5.950113378,162.839
5.955918367,162.83
5.961723356,162.953
5.967528344,163.106
5.973333333,163.153
5.979138321,163.466
5.98494331,163.622
5.990748299,163.827
5.996553287,164.367
6.002358276,164.093
6.008163265,163.818
6.013968253,163.79
6.019773242,163.754
6.025578231,163.796
6.031383219,164.106
6.037188208,164.501
6.042993197,164.828
6.048798185,165.356
6.054603174,165.378
6.060408163,165.35
6.066213151,165.519
6.07201814,165.622
6.077823129,165.846
6.083628117,166.108
6.089433106,166.157
6.095238095,166.274
6.101043083,166.428
6.106848072,166.511
6.112653061,166.578
6.118458049,166.487
6.124263038,166.292
6.130068027,166.317
6.135873015,166.315
6.141678004,166.306
6.147482993,166.486
6.153287981,166.381
6.15909297,166.285
6.164897959,166.34
6.170702947,166.277
6.176507936,166.254
6.182312925,166.26
6.188117913,166.109
6.193922902,166.144
6.199727891,166.189
6.205532879,166.249
6.211337868,166.442
6.217142857,166.484
6.222947845,166.552
6.228752834,166.635
6.234557823,166.659
6.240362811,166.618
6.2461678,166.646
6.251972789,166.722
6.257777777,166.865
6.263582766,167.092
6.269387755,167.252
6.275192743,167.264
6.280997732,167.26
6.286802721,167.189
6.292607709,167.095
6.298412698,167.13
6.304217687,167.096
6.310022675,167.065
6.315827664,167.11
6.321632653,167.056
6.327437641,167.051
6.33324263,167.098
6.339047619,167.102
6.344852607,167.121
6.350657596,167.135
6.356462585,167.116
6.362267573,167.069
6.368072562,167.051
6.373877551,167.023
6.379682539,166.999
6.385487528,166.937
6.391292517,166.898
6.397097505,166.774
6.402902494,166.691
6.408707482,166.663
6.414512471,166.521
6.42031746,166.469
6.426122448,166.391
6.431927437,166.269
6.437732426,166.295
6.443537414,166.249
6.449342403,166.225
6.455147392,166.275
6.46095238,166.259
6.466757369,166.308
6.472562358,166.405
6.478367346,166.53
6.484172335,166.697
6.489977324,166.965
6.495782312,167.081
6.501587301,167.26
6.50739229,167.408
6.513197278,167.488
6.519002267,167.622
6.524807256,167.754
6.530612244,167.908
6.536417233,168.081
6.542222222,168.178
6.54802721,168.291
6.553832199,168.274
6.559637188,168.198
6.565442176,168.198
6.571247165,168.133
6.577052154,168.081
6.582857142,167.991
6.588662131,167.803
6.59446712,167.585
6.600272108,167.343
6.606077097,167.2
6.611882086,167.053
6.617687074,166.91
6.623492063,166.817
6.629297052,166.724
6.63510204,166.627
6.640907029,166.58
6.646712018,166.53
6.652517006,166.498
6.658321995,166.495
6.664126984,166.523
6.669931972,166.619
6.675736961,166.687
6.68154195,166.866
6.687346938,167.075
6.693151927,167.248
6.698956916,167.431
6.704761904,167.643
6.710566893,167.848
6.716371882,168.015
6.72217687,168.105
6.727981859,168.207
6.733786848,168.225
6.739591836,168.241
6.745396825,168.261
6.751201814,168.247
6.757006802,168.196
6.762811791,168.128
6.76861678,168.054
6.774421768,167.964
6.780226757,167.754
6.786031746,167.619
6.791836734,167.41
6.797641723,167.168
6.803446712,166.994
6.8092517,166.746
6.815056689,166.56
6.820861678,166.421
6.826666666,166.223
6.832471655,165.99
6.838276643,165.688
6.844081632,165.401
6.849886621,165.374
6.855691609,165.364
6.861496598,165.457
6.867301587,165.817
6.873106575,166.153
6.878911564,166.24
6.884716553,166.38
6.890521541,166.504
6.89632653,166.532
6.902131519,166.706
6.907936507,166.842
6.913741496,166.931
6.919546485,167.127
6.925351473,167.184
6.931156462,167.308
6.936961451,167.527
6.942766439,167.615
6.948571428,167.745
6.954376417,167.85
6.960181405,167.84
6.965986394,167.949
6.971791383,167.959
6.977596371,167.953
6.98340136,167.798
6.989206349,167.661
6.995011337,167.457
7.000816326,167.175
7.006621315,166.944
7.012426303,166.743
7.018231292,166.597
7.024036281,166.459
7.029841269,166.327
7.035646258,166.241
7.041451247,166.094
7.047256235,165.951
7.053061224,165.804
7.058866213,165.695
7.064671201,165.628
7.07047619,165.72
7.076281179,165.862
7.082086167,166.044
7.087891156,166.264
7.093696145,166.399
7.099501133,166.587
7.105306122,166.797
7.111111111,167.007
7.116916099,167.187
7.122721088,167.391
7.128526077,167.557
7.134331065,167.682
7.140136054,167.825
7.145941043,168.004
7.151746031,168.039
7.15755102,168.162
7.163356009,168.232
7.169160997,168.28
7.174965986,168.326
7.180770975,168.294
7.186575963,168.162
7.192380952,167.807
7.198185941,167.2
7.203990929,166.9
7.209795918,166.67
7.215600907,166.488
7.221405895,166.397
7.227210884,166.322
7.233015873,166.223
7.238820861,166.192
7.24462585,166.175
7.250430839,166.146
7.256235827,166.224
7.262040816,166.226
7.267845804,166.301
7.273650793,166.384
7.279455782,166.476
7.28526077,166.565
7.291065759,166.676
7.296870748,166.817
7.302675736,166.969
7.308480725,167.187
7.314285714,167.438
7.320090702,167.488
7.325895691,167.725
7.33170068,167.833
7.337505668,167.942
7.343310657,168.027
7.349115646,168.047
7.354920634,168.067
7.360725623,168.002
7.366530612,167.63
7.3723356,167.322
7.378140589,167.203
7.383945578,167.037
7.389750566,166.866
7.395555555,166.661
7.401360544,166.534
7.407165532,166.409
7.412970521,166.315
7.41877551,166.2
7.424580498,166.108
7.430385487,165.649
7.436190476,165.414
7.441995464,165.409
7.447800453,165.37
7.453605442,165.419
7.45941043,165.474
7.465215419,165.719
7.471020408,165.965
7.476825396,166.198
7.482630385,166.276
7.488435374,166.433
7.494240362,166.586
7.500045351,166.775
7.50585034,166.975
7.511655328,167.193
7.517460317,167.355
7.523265306,167.653
7.529070294,167.826
7.534875283,168.052
7.540680272,168.101
7.54648526,168.186
7.552290249,168.238
7.558095238,168.286
7.563900226,168.287
7.569705215,168.278
7.575510204,168.202
7.581315192,168.05
7.587120181,167.328
7.59292517,167.059
7.598730158,166.84
7.604535147,166.683
7.610340136,166.581
7.616145124,166.477
7.621950113,166.436
7.627755102,166.385
7.63356009,166.288
7.639365079,166.215
7.645170068,166.186
7.650975056,166.105
7.656780045,166.17
7.662585034,166.145
7.668390022,166.184
7.674195011,166.269
7.68,166.295
7.685804988,166.373
7.691609977,166.432
7.697414965,166.514
7.703219954,166.607
7.709024943,166.706
7.714829931,166.918
7.72063492,167.107
7.726439909,167.3
7.732244897,167.511
7.738049886,167.585
7.743854875,167.769
7.749659863,167.967
7.755464852,168.059
7.761269841,167.99
7.767074829,168.021
7.772879818,167.352
7.778684807,167.174
7.784489795,167.039
7.790294784,166.838
7.796099773,166.599
7.801904761,166.514
7.80770975,166.401
7.813514739,166.249
7.819319727,166.134
7.825124716,165.36
7.830929705,165.199
7.836734693,165.029
7.842539682,164.897
7.848344671,164.878
7.854149659,164.873
7.859954648,165.004
7.865759637,165.181
7.871564625,165.375
7.877369614,166.141
7.883174603,166.344
7.888979591,166.488
7.89478458,166.6
7.900589569,166.826
7.906394557,166.914
7.912199546,167.046
7.918004535,167.096
7.923809523,167.071
7.929614512,167.022
7.935419501,166.937
7.941224489,166.912
7.947029478,166.821
7.952834467,166.773
7.958639455,166.722
7.964444444,166.657
7.970249433,166.624
7.976054421,166.546
7.98185941,166.468
7.987664399,166.365
7.993469387,166.268
7.999274376,166.182
8.005079365,166.16
8.010884353,165.662
8.016689342,165.35
8.022494331,165.35
8.028299319,165.305
8.034104308,165.327
8.039909297,165.384
8.045714285,166.173
8.051519274,166.17
8.057324263,166.256
8.063129251,166.331
8.06893424,166.369
8.074739229,166.4
8.080544217,166.503
8.086349206,166.54
8.092154195,166.575
8.097959183,166.661
8.103764172,166.652
8.10956916,166.671
8.115374149,166.652
8.121179138,166.666
8.126984126,166.644
8.132789115,166.64
8.138594104,166.648
8.144399092,166.623
8.150204081,166.619
8.15600907,166.615
8.161814058,166.628
8.167619047,166.576
8.173424036,166.524
8.179229024,166.41
8.185034013,166.314
8.190839002,166.193
8.19664399,165.387
8.202448979,165.305
8.208253968,165.189
8.214058956,165.091
8.219863945,165.083
8.225668934,165.009
8.231473922,165.041
8.237278911,165.145
8.2430839,165.285
8.248888888,166.113
8.254693877,166.238
8.260498866,166.293
8.266303854,166.411
8.272108843,166.508
8.277913832,166.601
8.28371882,166.634
8.289523809,166.725
8.295328798,166.721
8.301133786,166.925
8.306938775,167.099
8.312743764,167.235
8.318548752,167.208
8.324353741,167.259
8.33015873,167.222
8.335963718,168.086
8.341768707,168.095
8.347573696,168.178
8.353378684,168.206
8.359183673,168.248
8.364988662,168.263
8.37079365,168.202
8.376598639,168.139
8.382403628,166.729
8.388208616,166.567
8.394013605,166.435
8.399818594,166.319
8.405623582,166.269
8.411428571,165.134
8.41723356,164.967
8.423038548,164.905
8.428843537,164.921
8.434648526,164.811
8.440453514,164.851
8.446258503,164.823
8.452063492,164.883
8.45786848,165.015
8.463673469,166.236
8.469478458,166.326
8.475283446,166.426
8.481088435,166.511
8.486893424,166.62
8.492698412,166.718
8.498503401,166.846
8.50430839,166.797
8.510113378,166.863
8.515918367,166.727
8.521723356,166.653
8.527528344,166.584
8.533333333,166.494
8.539138321,166.391
8.54494331,166.336
8.550748299,166.248
8.556553287,166.242
8.562358276,165.191
8.568163265,165.073
8.573968253,164.966
8.579773242,164.91
8.585578231,164.831
8.591383219,164.839
8.597188208,164.86
8.602993197,164.891
8.608798185,164.945
8.614603174,164.983
8.620408163,165.035
8.626213151,164.964
8.63201814,165.102
8.637823129,165.01
9.421496598,85.1465
9.427301587,85.9166
9.433106575,85.9237
9.438911564,85.9183
9.444716553,85.9315
9.450521541,85.9544
9.45632653,85.9803
9.462131519,86.3994
9.467936507,86.3864
9.473741496,86.4012
9.479546485,86.394
9.485351473,86.4082
9.491156462,86.4343
9.496961451,86.477
9.502766439,86.499
9.508571428,86.548
9.514376417,86.5444
9.520181405,86.9358
9.525986394,86.9156
9.531791383,86.9355
9.537596371,86.9352
9.54340136,86.9985
9.549206349,87.0132
9.555011337,87.3272
9.560816326,87.3361
9.566621315,87.5092
9.572426303,87.5134
9.578231292,87.9319
9.584036281,87.9729
9.589841269,88.3455
9.595646258,88.4008
9.601451247,88.4038
9.607256235,88.6698
9.613061224,88.6943
9.618866213,88.8737
9.624671201,88.8994
9.63047619,89.096
9.636281179,89.1825
9.642086167,89.4846
9.647891156,89.5028
9.653696145,89.8935
9.659501133,89.9154
9.665306122,90.2284
9.671111111,90.2668
9.676916099,90.3374
9.682721088,90.3661
9.688526077,90.7582
9.694331065,90.8529
9.700136054,91.437
9.705941043,91.5674
9.711746031,92.4224
9.71755102,92.8739
9.723356009,93.5305
9.729160997,93.6657
9.734965986,93.6859
9.740770975,94.637
9.746575963,95.2597
9.752380952,96.8658
9.775600907,134.346
9.781405895,138.68
9.787210884,142.798
9.793015873,146.685
9.798820861,144.195
9.80462585,145.253
9.810430839,145.761
9.816235827,145.518
9.822040816,147.428
9.827845804,148.138
9.833650793,148.622
9.839455782,149.102
9.84526077,150.036
9.851065759,150.92
9.856870748,150.858
9.862675736,151.146
9.868480725,151.647
9.874285714,151.827
9.880090702,152.541
9.885895691,152.932
9.89170068,153.603
9.897505668,154.332
9.903310657,155.253
9.909115646,155.963
9.914920634,156.353
9.920725623,156.509
9.926530612,156.636
9.9323356,157.012
9.938140589,157.59
9.943945578,158.121
9.949750566,158.646
9.955555555,159.18
9.961360544,159.655
9.967165532,159.855
9.972970521,160.222
9.97877551,160.645
9.984580498,161.086
9.990385487,161.66
9.996190476,162.187
10.00199546,162.68
10.00780045,162.998
10.01360544,163.422
10.01941043,163.585
10.02521542,163.774
10.03102041,163.799
10.0368254,163.882
10.04263039,163.954
10.04843537,163.943
10.05424036,164.024
10.06004535,164.21
10.06585034,164.342
10.07165533,164.471
10.07746032,164.684
10.08326531,164.811
10.08907029,165.061
10.09487528,165.299
10.10068027,165.582
10.10648526,165.889
10.11229025,166.126
10.11809524,166.344
10.12390023,166.427
10.12970522,166.447
10.1355102,166.473
10.14131519,166.361
10.14712018,166.313
10.15292517,166.197
10.15873016,165.846
10.16453515,165.567
10.17034014,165.163
10.17614512,164.955
10.18195011,164.539
10.1877551,164.086
10.19356009,164.096
10.19936508,164.231
10.20517007,164.447
10.21097506,164.932
10.21678005,164.978
10.22258503,164.907
10.22839002,165.358
10.23419501,165.379
10.24,165.073
10.24580499,165.331
10.25160998,165.527
10.25741497,165.41
10.26321995,165.319
10.26902494,165.349
10.27482993,165.507
10.28063492,165.54
10.28643991,165.862
10.2922449,165.706
10.29804989,165.567
10.30385488,166.172
10.30965986,165.864
10.31546485,166.275
10.33287982,207.595
10.33868481,207.59
10.3444898,206.097
10.35029478,207.689
10.35609977,207.344
10.36190476,208.075
10.36770975,207.94
10.37351474,208.727
10.37931973,209.478
10.38512472,209.446
10.39092971,210.066
10.39673469,209.758
10.40253968,209.714
10.40834467,209.48
10.41414966,209.702
10.41995465,209.48
10.42575964,209.379
10.43156463,209.698
10.43736961,209.314
10.4431746,209.261
10.44897959,209.028
10.45478458,209.399
10.46058957,209.371
10.46639456,209.343
10.47219955,209.363
10.47800454,209.035
10.48380952,208.863
10.48961451,209.082
10.4954195,208.945
10.50122449,208.947
10.50702948,209.261
10.51283447,209.217
10.51863946,209.106
10.52444444,209.107
10.53024943,209.062
10.53605442,208.981
10.54185941,209.111
10.5476644,209.029
10.55346939,208.936
10.55927438,208.877
10.56507937,208.73
10.57088435,208.682
10.57668934,208.658
10.58249433,208.576
10.58829932,208.726
10.59410431,208.676
10.5999093,208.581
10.60571429,208.644
10.61151927,208.536
10.61732426,208.648
10.62312925,208.572
10.62893424,208.526
10.63473923,208.605
10.64054422,208.599
10.64634921,208.832
10.6521542,208.831
10.65795918,208.822
10.66376417,208.828
10.66956916,208.649
10.67537415,208.727
10.68117914,208.689
10.68698413,208.644
10.69278912,208.749
10.6985941,208.827
10.70439909,208.722
10.71020408,208.692
10.71600907,208.725
10.72181406,208.659
10.72761905,208.731
10.73342404,208.746
10.73922902,208.683
10.74503401,208.704
10.750839,208.821
10.75664399,208.946
10.76244898,209.133
10.76825397,209.205
10.77405896,209.226
10.77986395,209.283
10.78566893,209.137
10.79147392,209.115
10.79727891,209.168
10.8030839,209.112
10.80888889,209.214
10.81469388,209.36
10.82049887,209.335
10.82630385,209.425
10.83210884,209.487
10.83791383,209.319
10.84371882,209.175
10.84952381,209.01
10.8553288,208.842
10.86113379,208.881
10.86693878,208.795
10.87274376,208.757
10.87854875,208.75
10.88435374,208.706
10.89015873,208.634
10.89596372,208.639
10.90176871,208.535
10.9075737,208.426
10.91337868,208.475
10.91918367,208.381
10.92498866,208.348
10.93079365,208.323
10.93659864,208.424
10.94240363,208.431
10.94820862,208.475
10.95401361,208.571
10.95981859,208.477
10.96562358,208.549
10.97142857,208.62
10.97723356,208.612
10.98303855,208.634
10.98884354,208.697
10.99464853,208.787
11.00045351,208.901
11.0062585,209.198
11.01206349,209.222
11.01786848,209.165
11.02367347,209.145
11.02947846,209.079
11.03528345,208.97
11.04108844,208.944
11.04689342,208.921
11.05269841,208.779
11.0585034,208.688
11.06430839,208.59
11.07011338,208.486
11.07591837,208.342
11.08172336,208.163
11.08752834,207.978
11.09333333,207.746
11.09913832,207.615
11.10494331,207.57
11.1107483,207.539
11.11655329,207.495
11.12235828,207.397
11.12816327,207.382
11.13396825,207.314
11.13977324,207.445
11.14557823,207.857
11.15138322,207.988
11.15718821,208.275
11.1629932,208.282
11.16879819,208.366
11.17460317,208.611
11.18040816,208.479
11.18621315,208.68
11.19201814,208.997
11.19782313,209.221
11.20362812,209.77
11.20943311,210.138
11.2152381,210.178
11.22104308,210.336
11.22684807,210.233
11.23265306,210.01
11.23845805,209.953
11.24426304,209.788
11.25006803,209.662
11.25587302,209.47
11.261678,209.366
11.26748299,209.201
11.27328798,209.057
11.27909297,208.847
11.28489796,208.702
11.29070295,208.531
11.29650794,208.353
11.30231293,208.172
11.30811791,208.01
11.3139229,208.04
11.31972789,208.152
11.32553288,208.315
11.33133787,208.471
11.33714286,208.675
11.34294785,208.738
11.34875283,208.896
11.35455782,208.818
11.36036281,208.893
11.3661678,209
11.37197279,209.031
11.37777778,209.103
11.38358277,209.363
11.38938776,209.387
11.39519274,209.519
11.40099773,209.765
11.40680272,209.626
11.41260771,209.696
11.4184127,209.666
11.42421769,209.478
11.43002268,209.484
11.43582766,209.504
11.44163265,209.391
11.44743764,209.296
11.45324263,209.216
11.45904762,209.128
11.46485261,209.046
11.4706576,208.962
11.47646259,208.774
11.48226757,208.729
11.48807256,208.743
11.49387755,208.693
11.49968254,208.787
11.50548753,208.783
11.51129252,208.756
11.51709751,208.74
11.52290249,208.811
11.52870748,208.727
11.53451247,208.681
11.54031746,208.791
11.54612245,208.736
11.55192744,208.852
11.55773243,208.879
11.56353741,208.947
11.5693424,208.972
11.57514739,208.989
11.58095238,209.187
11.58675737,209.233
11.59256236,209.216
11.59836735,209.257
11.60417234,209.534
11.60997732,209.569
11.61578231,209.485
11.6215873,209.528
11.62739229,209.057
11.63319728,209.349
11.63900227,209.792
11.64480726,210.03
11.65061224,210.389
11.65641723,209.988
11.66222222,209.952
11.66802721,209.69
11.6738322,209.691
11.67963719,209.488
11.68544218,209.046
11.69124717,209.074
11.69705215,208.738
11.70285714,208.671
11.70866213,208.711
11.71446712,208.646
11.72027211,208.543
11.7260771,208.485
11.73188209,208.597
11.73768707,208.489
11.74349206,208.486
11.74929705,208.523
11.75510204,208.552
11.76090703,208.685
11.76671202,208.614
11.77251701,208.61
11.778322,208.569
11.78412698,208.388
11.78993197,208.374
11.79573696,208.446
11.80154195,208.497
11.80734694,208.577
11.81315193,208.682
11.81895692,208.811
11.8247619,208.814
11.83056689,209.041
11.83637188,209.093
11.84217687,208.94
11.84798186,209.068
11.85378685,208.851
11.85959184,208.867
11.86539683,208.913
11.87120181,208.748
11.8770068,208.742
11.88281179,208.629
11.88861678,208.54
11.89442177,208.637
11.90022676,208.643
11.90603175,208.57
11.91183673,208.548
11.91764172,208.43
11.92344671,208.379
11.9292517,208.399
11.93505669,208.418
11.94086168,208.68
11.94666667,208.697
11.95247166,208.732
11.95827664,208.807
11.96408163,208.594
11.96988662,208.564
11.97569161,208.477
11.9814966,208.427
11.98730159,208.393
11.99310658,208.313
11.99891156,208.469
12.00471655,208.358
12.01052154,208.411
12.01632653,208.572
12.02213152,208.367
12.02793651,208.443
12.0337415,208.444
12.03954649,208.412
12.04535147,208.407
12.05115646,208.301
12.05696145,208.199
12.06276644,208.164
12.06857143,208.148
12.07437642,208.152
12.08018141,208.2
12.08598639,208.127
12.09179138,208.265
12.09759637,208.324
12.10340136,208.323
12.10920635,208.377
12.11501134,208.328
12.12081633,208.28
12.12662132,208.184
12.1324263,208.164
12.13823129,208.09
12.14403628,208.081
12.14984127,208.172
12.15564626,208.126
12.16145125,208.183
12.16725624,208.277
12.17306122,208.19
12.17886621,208.311
12.1846712,208.35
12.19047619,208.334
12.19628118,208.347
12.20208617,208.356
12.20789116,208.226
12.21369615,208.235
12.21950113,208.281
12.22530612,208.2
12.23111111,208.289
12.2369161,208.33
12.24272109,208.377
12.24852608,208.341
12.25433107,208.243
12.26013605,208.152
12.26594104,208.034
12.27174603,207.893
12.27755102,207.932
12.28335601,207.907
12.289161,207.91
12.29496599,208.002
12.30077098,207.949
12.30657596,207.886
12.31238095,207.86
12.31818594,207.846
12.32399093,207.859
12.32979592,207.946
12.33560091,207.869
12.3414059,207.972
12.34721088,207.995
12.35301587,208.079
12.35882086,208.207
12.36462585,208.21
12.37043084,208.277
12.37623583,208.323
12.38204082,208.36
12.3878458,208.308
12.39365079,208.315
12.39945578,208.294
12.40526077,208.227
12.41106576,208.184
12.41687075,208.244
12.42267574,208.263
12.42848073,208.162
12.43428571,208.209
12.4400907,208.177
12.44589569,208.089
12.45170068,208.134
12.45750567,208.158
12.46331066,208.113
12.46911565,208.24
12.47492063,208.354
12.48072562,208.346
12.48653061,208.403
12.4923356,208.427
12.49814059,208.435
12.50394558,208.512
12.50975057,208.504
12.51555556,208.389
12.52136054,208.422
12.52716553,208.438
12.53297052,208.414
12.53877551,208.403
12.5445805,208.38
12.55038549,208.32
12.55619048,208.331
12.56199546,208.46
12.56780045,208.476
12.57360544,208.583
12.57941043,208.687
12.58521542,208.833
12.59102041,208.874
12.5968254,208.926
12.60263039,209.004
12.60843537,208.935
12.61424036,208.916
12.62004535,208.927
12.62585034,208.894
12.63165533,208.846
12.63746032,208.886
12.64326531,208.833
12.64907029,208.811
12.65487528,208.741
12.66068027,208.66
12.66648526,208.649
12.67229025,208.558
12.67809524,208.527
12.68390023,208.46
12.68970522,208.426
12.6955102,208.358
12.70131519,208.403
12.70712018,208.417
12.71292517,208.346
12.71873016,208.408
12.72453515,208.297
12.73034014,208.351
12.73614512,208.372
12.74195011,208.408
12.7477551,208.469
12.75356009,208.438
12.75936508,208.432
12.76517007,208.448
12.77097506,208.445
12.77678005,208.346
12.78258503,208.404
12.78839002,208.377
12.79419501,208.492
12.8,208.661
12.80580499,208.694
12.81160998,208.967
12.81741497,209.008
12.82321995,209.033
12.82902494,209.152
12.83482993,209.056
12.84063492,209.023
12.84643991,209.005
12.8522449,209.09
12.85804989,209.025
12.86385488,209.122
12.86965986,209.194
12.87546485,209.146
12.88126984,209.2
12.88707483,209.091
12.89287982,209.132
12.89868481,209.074
12.9044898,208.86
12.91029478,208.843
12.91609977,208.692
12.92190476,208.574
12.92770975,208.513
12.93351474,208.374
12.93931973,208.316
12.94512472,208.311
12.95092971,208.287
12.95673469,208.38
12.96253968,208.523
12.96834467,208.631
12.97414966,208.742
12.97995465,208.782
12.98575964,208.748
12.99156463,208.672
12.99736961,208.723
13.0031746,208.834
13.00897959,208.964
13.01478458,209.244
13.02058957,209.489
13.02639456,209.53
13.03219955,209.614
13.03800454,209.664
13.04380952,209.654
13.04961451,209.621
13.0554195,209.647
13.06122449,209.642
13.06702948,209.516
13.07283447,209.517
13.07863946,209.402
13.08444444,209.249
13.09024943,209.078
13.09605442,208.896
13.10185941,208.756
13.1076644,208.67
13.11346939,208.545
13.11927438,208.5
13.12507937,208.421
13.13088435,208.271
13.13668934,208.286
13.14249433,208.236
13.14829932,208.313
13.15410431,208.418
13.1599093,208.447
13.16571429,208.597
13.17151927,208.597
13.17732426,208.715
13.18312925,208.726
13.18893424,208.692
13.19473923,208.991
13.20054422,209.178
13.20634921,209.443
13.2121542,209.589
13.21795918,209.579
13.22376417,209.628
13.22956916,209.528
13.23537415,209.438
13.24117914,209.302
13.24698413,209.23
13.25278912,209.246
13.2585941,209.148
13.26439909,209.094
13.27020408,209.079
13.27600907,209.073
13.28181406,209.053
13.28761905,208.972
13.29342404,208.85
13.29922902,208.713
13.30503401,208.615
13.310839,208.491
13.31664399,208.344
13.32244898,208.292
13.32825397,208.28
13.33405896,208.328
13.33986395,208.429
13.34566893,208.607
13.35147392,208.735
13.35727891,208.928
13.3630839,209.17
13.36888889,209.255
13.37469388,209.332
13.38049887,209.35
13.38630385,209.443
13.39210884,209.599
13.39791383,209.701
13.40371882,209.841
13.40952381,209.899
13.4153288,209.93
13.42113379,209.911
13.42693878,209.867
13.43274376,209.815
13.43854875,209.733
13.44435374,209.686
13.45015873,209.591
13.45596372,209.564
13.46176871,209.567
13.4675737,209.48
13.47337868,209.393
13.47918367,209.229
13.48498866,209.086
13.49079365,208.896
13.49659864,208.757
13.50240363,208.719
13.50820862,208.684
13.51401361,208.763
13.51981859,208.764
13.52562358,208.791
13.53142857,208.84
13.53723356,208.827
13.54303855,208.981
13.54884354,208.964
13.55464853,209.088
13.56045351,209.259
13.5662585,209.236
13.57206349,209.438
13.57786848,209.517
13.58367347,209.691
13.58947846,209.841
13.59528345,209.811
13.60108844,209.833
13.60689342,209.785
13.61269841,209.764
13.6185034,209.75
13.62430839,209.724
13.63011338,209.749
13.63591837,209.672
13.64172336,209.641
13.64752834,209.607
13.65333333,209.523
13.65913832,209.43
13.66494331,209.316
13.6707483,209.269
13.67655329,209.195
13.68235828,209.154
13.68816327,209.133
13.69396825,209.013
13.69977324,209.007
13.70557823,208.989
13.71138322,208.951
13.71718821,208.962
13.7229932,208.885
13.72879819,208.873
13.73460317,208.802
13.74040816,208.863
13.74621315,208.831
13.75201814,208.788
13.75782313,208.875
13.76362812,208.871
13.76943311,208.927
13.7752381,209.005
13.78104308,209.064
13.78684807,209.061
13.79265306,209.153
13.79845805,209.198
13.80426304,209.159
13.81006803,209.194
13.81587302,209.236
13.821678,209.243
13.82748299,209.286
13.83328798,209.31
13.83909297,209.341
13.84489796,209.249
13.85070295,209.245
13.85650794,209.179
13.86231293,209.013
13.86811791,209.031
13.8739229,209.143
13.87972789,209.253
13.88553288,209.611
13.89133787,209.823
13.89714286,209.646
13.90294785,209.659
13.90875283,209.601
13.91455782,209.9
13.92036281,210.174
13.9261678,210.34
13.93197279,210.301
13.93777778,209.533
13.94358277,210.142
13.94938776,210.272
13.95519274,210.135
13.96099773,209.907
13.96680272,210.012
13.97260771,210.144
13.9784127,209.682
13.98421769,210.167
13.99002268,209.38
13.99582766,208.39
14.00163265,208.555
14.00743764,208.395
14.01324263,208.291
14.01904762,208.26
14.02485261,208.285
14.0306576,208.452
14.03646259,208.175
14.04226757,208.281
14.04807256,208.365
14.05387755,208.196
14.05968254,208.272
14.06548753,208.221
14.07129252,208.318
14.07709751,208.465
14.08290249,208.452
14.08870748,208.636
14.09451247,208.857
14.10031746,208.739
14.10612245,208.657
14.11192744,208.91
14.11773243,208.607
14.12353741,208.43
14.1293424,208.97
14.13514739,208.752
14.14095238,208.968
14.14675737,209.169
14.15256236,208.674
14.15836735,208.823
14.16417234,208.741
14.16997732,208.8
14.17578231,208.992
14.1815873,208.738
14.18739229,208.594
14.19319728,208.657
14.19900227,208.543
14.20480726,208.581
14.21061224,208.884
14.21641723,208.781
14.22222222,208.851
14.22802721,208.715
14.2338322,208.664
14.23963719,208.728
14.24544218,208.632
14.25124717,208.821
14.25705215,208.51
14.26285714,208.454
14.26866213,208.468
14.27446712,208.509
14.28027211,208.486
14.2860771,208.589
14.29188209,208.661
14.29768707,208.494
14.30349206,208.661
14.30929705,208.679
14.31510204,208.699
14.32090703,208.92
14.32671202,208.941
14.33251701,208.935
14.338322,208.794
14.34412698,208.742
14.34993197,208.726
14.35573696,208.694
14.36154195,208.701
14.36734694,208.71
14.37315193,208.731
14.37895692,208.789
14.3847619,209.062
14.39056689,209.056
14.39637188,209.167
14.40217687,209.145
14.40798186,209.012
14.41378685,209.049
14.41959184,209.042
14.42539683,209.082
14.43120181,209.084
14.4370068,209.142
14.44281179,209.231
14.44861678,209.279
14.45442177,209.302
14.46022676,209.244
14.46603175,209.241
14.47183673,209.151
14.47764172,209.277
14.48344671,209.267
14.4892517,209.165
14.49505669,209.264
14.50086168,209.154
14.50666667,209.189
14.51247166,209.324
14.51827664,209.359
14.52408163,209.442
14.52988662,209.504
14.53569161,209.59
14.5414966,209.615
14.54730159,209.647
14.55310658,209.727
14.55891156,209.725
14.56471655,209.668
14.57052154,209.664
14.57632653,209.687
14.58213152,209.627
14.58793651,209.584
14.5937415,209.576
14.59954649,209.562
14.60535147,209.585
14.61115646,209.607
14.61696145,209.683
14.62276644,209.704
14.62857143,209.641
14.63437642,209.736
14.64018141,209.698
14.64598639,209.629
14.65179138,209.667
14.65759637,209.61
14.66340136,209.571
14.66920635,209.552
14.67501134,209.536
14.68081633,209.595
14.68662132,209.563
14.6924263,209.58
14.69823129,209.628
14.70403628,209.546
14.70984127,209.543
14.71564626,209.416
14.72145125,209.288
14.72725624,209.2
14.73306122,209.13
14.73886621,209.147
14.7446712,209.114
14.75047619,209.168
14.75628118,209.199
14.76208617,209.195
14.76789116,209.252
14.77369615,209.25
14.77950113,209.183
14.78530612,209.181
14.79111111,209.169
14.7969161,209.247
14.80272109,209.365
14.80852608,209.398
14.81433107,209.475
14.82013605,209.464
14.82594104,209.476
14.83174603,209.541
14.83755102,209.505
14.84335601,209.51
14.849161,209.506
14.85496599,209.586
14.86077098,209.616
14.86657596,209.617
14.87238095,209.719
14.87818594,209.7
14.88399093,209.701
14.88979592,209.74
14.89560091,209.702
14.9014059,209.708
14.90721088,209.721
14.91301587,209.641
14.91882086,209.64
14.92462585,209.595
14.93043084,209.543
14.93623583,209.566
14.94204082,209.382
14.9478458,209.243
14.95365079,209.149
14.95945578,208.976
14.96526077,208.971
14.97106576,208.919
14.97687075,208.86
14.98267574,208.838
14.98848073,208.903
14.99428571,208.874
15.0000907,208.927
15.00589569,208.952
15.01170068,208.744
15.01750567,208.883
15.02331066,208.962
15.02911565,208.96
15.03492063,209.149
15.04072562,209.225
15.04653061,209.263
15.0523356,209.465
15.05814059,209.535
15.06394558,209.565
15.06975057,209.617
15.07555556,209.65
15.08136054,209.65
15.08716553,209.626
15.09297052,209.54
15.09877551,209.431
15.1045805,209.318
15.11038549,209.315
15.11619048,209.275
15.12199546,209.258
15.12780045,209.165
15.13360544,209.047
15.13941043,209.046
15.14521542,209.048
15.15102041,209.003
15.1568254,208.934
15.16263039,208.941
15.16843537,208.758
15.17424036,208.8
15.18004535,208.771
15.18585034,208.651
15.19165533,208.573
15.19746032,208.445
15.20326531,208.418
15.20907029,208.426
15.21487528,208.472
15.22068027,208.48
15.22648526,208.491
15.23229025,208.459
15.23809524,208.404
15.24390023,208.448
15.24970522,208.466
15.2555102,208.48
15.26131519,208.557
15.26712018,208.841
15.27292517,208.974
15.27873016,208.963
15.28453515,209.094
15.29034014,209.087
15.29614512,209.225
15.30195011,209.434
15.3077551,209.516
15.31356009,209.522
15.31936508,209.465
15.32517007,209.379
15.33097506,209.423
15.33678005,209.446
15.34258503,209.434
15.34839002,209.227
15.35419501,209.146
15.36,209.059
15.36580499,208.924
15.37160998,208.84
15.37741497,208.595
15.38321995,208.496
15.38902494,208.442
15.39482993,208.46
15.40063492,208.441
15.40643991,208.338
15.4122449,208.326
15.41804989,208.285
15.42385488,208.347
15.42965986,208.36
15.43546485,208.302
15.44126984,208.29
15.44707483,208.235
15.45287982,208.297
15.45868481,208.351
15.4644898,208.429
15.47029478,208.435
15.47609977,208.488
15.48190476,209.65
15.48770975,209.648
15.49351474,209.758
15.49931973,209.664
15.50512472,209.682
15.51092971,209.756
15.51673469,209.687
15.52253968,209.689
15.52834467,209.551
15.53414966,209.317
15.53995465,209.121
15.54575964,208.925
15.55156463,208.805
15.55736961,208.48
15.5631746,208.469
15.56897959,208.414
15.57478458,208.394
15.58058957,208.37
15.58639456,208.285
15.59219955,208.197
15.59800454,208.165
15.60380952,208.131
15.60961451,208.073
15.6154195,208.103
15.62122449,208.048
15.62702948,207.988
15.63283447,207.932
15.63863946,207.866
15.64444444,207.878
15.65024943,207.845
15.65605442,207.899
15.66185941,207.889
15.6676644,208.024
15.67346939,208.14
15.67927438,208.314
15.68507937,208.42
15.69088435,209.648
15.69668934,209.782
15.70249433,209.873
15.70829932,209.984
15.71410431,209.899
15.7199093,209.862
15.72571429,209.784
15.73151927,209.681
15.73732426,209.681
15.74312925,209.562
15.74893424,209.358
15.75473923,208.988
15.76054422,208.87
15.76634921,208.711
15.7721542,208.583
15.77795918,208.452
15.78376417,208.353
15.78956916,208.32
15.79537415,208.276
15.80117914,208.277
15.80698413,208.259
15.81278912,208.198
15.8185941,208.21
15.82439909,208.219
15.83020408,208.249
15.83600907,208.235
15.84181406,208.241
15.84761905,208.28
15.85342404,208.279
15.85922902,208.347
15.86503401,208.354
15.870839,208.391
15.87664399,208.404
15.88244898,209.696
15.88825397,209.832
15.89405896,209.843
15.89986395,209.836
15.90566893,209.792
15.91147392,209.876
15.91727891,209.815
15.9230839,209.757
15.92888889,209.73
15.93469388,209.602
15.94049887,209.544
15.94630385,209.251
15.95210884,208.849
15.95791383,208.587
15.96371882,208.499
15.96952381,208.376
15.9753288,208.393
15.98113379,208.345
15.98693878,208.27
15.99274376,208.24
15.99854875,208.175
16.00435374,208.161
16.01015873,208.087
16.01596372,208.052
16.02176871,208.004
16.0275737,208.05
16.03337868,208.074
16.03918367,208.099
16.04498866,208.178
16.05079365,208.143
16.05659864,208.203
16.06240363,208.322
16.06820862,208.267
16.07401361,208.315
16.07981859,208.331
16.08562358,208.322
16.09142857,209.933
16.09723356,210.007
16.10303855,209.964
16.10884354,210.004
16.11464853,209.922
16.12045351,209.893
16.1262585,209.934
16.13206349,209.857
16.13786848,209.82
16.14367347,209.671
16.14947846,209.481
16.15528345,208.995
16.16108844,208.837
16.16689342,208.452
16.17269841,208.401
16.1785034,208.424
16.18430839,208.376
16.19011338,208.379
16.19591837,208.394
16.20172336,208.393
16.20752834,208.389
16.21333333,208.364
16.21913832,208.34
16.22494331,208.373
16.2307483,208.317
16.23655329,208.339
16.24235828,208.362
16.24816327,208.344
16.25396825,209.91
16.25977324,209.912
16.26557823,210.002
16.27138322,209.928
16.27718821,209.838
16.2829932,209.835
16.28879819,209.737
16.29460317,209.789
16.30040816,209.73
16.30621315,209.76
16.31201814,209.867
16.31782313,209.901
16.32362812,209.958
16.32943311,209.805
16.3352381,209.656
16.34104308,209.615
16.34684807,208.453
16.35265306,208.425
16.35845805,208.36
16.36426304,208.325
16.37006803,208.284
16.37587302,208.241
16.381678,208.244
16.38748299,208.242
16.39328798,208.222
16.39909297,208.199
16.40489796,208.197
16.41070295,208.169
16.41650794,208.208
16.42231293,208.252
16.42811791,208.236
16.4339229,208.269
16.43972789,208.262
16.44553288,208.268
16.45133787,208.233
16.45714286,208.222
16.46294785,208.285
16.46875283,208.277
16.47455782,208.287
16.48036281,208.279
16.4861678,208.223
16.49197279,208.216
16.49777778,208.234
16.50358277,208.24
16.50938776,208.229
16.51519274,208.191
16.52099773,208.182
16.52680272,208.165
16.53260771,208.117
17.36852608,188.052
17.37433107,187.484
17.38013605,186.178
17.38594104,185.929
17.39174603,185.759
17.39755102,185.725
17.40335601,185.705
17.409161,185.787
17.41496599,185.917
17.42077098,185.961
17.42657596,186.12
17.43238095,186.172
17.43818594,186.262
17.44399093,186.332
17.44979592,186.391
17.45560091,186.406
17.4614059,186.309
17.46721088,186.304
17.47301587,186.151
17.47882086,186.138
17.48462585,186.064
17.49043084,186.027
17.49623583,186.129
17.50204082,186.245
17.5078458,186.345
17.51365079,186.373
17.51945578,186.417
17.52526077,186.271
17.53106576,186.17
17.53687075,186.188
17.54267574,186.117
17.54848073,186.167
17.55428571,186.32
17.5600907,186.39
17.56589569,186.482
17.57170068,186.564
17.57750567,186.537
17.58331066,186.431
17.58911565,186.307
17.59492063,186.11
17.60072562,185.804
17.60653061,185.537
17.6123356,185.061
17.61814059,184.589
17.62394558,184.18
17.62975057,183.737
17.63555556,183.294
17.64136054,182.846
17.64716553,182.344
17.65297052,181.81
17.65877551,181.232
17.6645805,180.471
17.67038549,179.683
17.67619048,178.661
17.68199546,178.02
17.68780045,178.947
17.69360544,179.688
17.69941043,180.972
17.70521542,182.087
17.71102041,183.306
17.7168254,181.403
17.72263039,179.073
17.72843537,178.686
17.73424036,178.101
17.74004535,177.635
17.74585034,177.278
17.75165533,176.477
17.75746032,175.815
17.76326531,175.708
17.76907029,175.466
17.77487528,175.157
17.78068027,175.256
17.78648526,175.15
17.79229025,175.057
17.79809524,175.174
17.80390023,175.051
17.80970522,174.983
17.8155102,175.008
17.82131519,174.919
17.82712018,174.788
17.83292517,174.702
17.83873016,174.729
17.84453515,174.896
17.85034014,174.945
17.85614512,174.977
17.86195011,175.031
17.8677551,175.082
17.87356009,175.23
17.87936508,175.38
17.88517007,175.476
17.89097506,175.493
17.89678005,175.537
17.90258503,175.582
17.90839002,175.684
17.91419501,175.858
17.92,176.043
17.92580499,176.229
17.93160998,176.428
17.93741497,176.68
17.94321995,176.98
17.94902494,177.336
17.95482993,177.628
17.96063492,177.853
17.96643991,177.848
17.9722449,178.003
17.97804989,178.355
17.98385488,178.479
17.98965986,178.866
17.99546485,178.897
18.00126984,178.316
18.00707483,178.092
18.01287982,177.898
18.01868481,177.656
18.0244898,177.456
18.03029478,177.757
18.03609977,177.571
18.04190476,177.295
18.04770975,178.744
18.05351474,179.569
18.05931973,184.141
18.06512472,186.483
18.07092971,189.712
18.07673469,188.195
18.08253968,188.745
18.08834467,190.145
18.09414966,189.63
18.09995465,190.682
18.10575964,191.255
18.11156463,191.542
18.11736961,192.731
18.1231746,192.84
18.12897959,193.267
18.13478458,193.973
18.14058957,194.186
18.14639456,194.887
18.15219955,195.226
18.15800454,195.714
18.16380952,196.534
18.16961451,197.182
18.1754195,197.739
18.18122449,198.644
18.18702948,199.008
18.19283447,199.102
18.19863946,199.638
18.20444444,200.045
18.21024943,200.454
18.21605442,201.301
18.22185941,202.262
18.2276644,202.472
18.23346939,203.027
18.23927438,203.397
18.24507937,203.994
18.25088435,204.676
18.25668934,205.075
18.26249433,205.9
18.26829932,205.992
18.27410431,206.382
18.2799093,207.264
18.28571429,207.781
18.29151927,208.222
18.29732426,208.877
18.30312925,209.092
18.30893424,209.212
18.31473923,209.845
18.32054422,209.789
18.32634921,210.037
18.3321542,209.812
18.33795918,209.206
18.34376417,207.844
18.34956916,206.488
18.35537415,205.901
18.36117914,204.917
18.36698413,206.253
18.37278912,208.062
18.3785941,208.462
18.38439909,209.159
18.39020408,206.417
18.40761905,164.086
18.41342404,163.596
18.41922902,163.506
18.42503401,163.755
18.430839,164.998
18.43664399,164.824
18.44244898,164.496
18.44825397,164.539
18.45405896,163.902
18.45986395,164.726
18.46566893,164.834
18.47147392,164.737
18.47727891,164.876
18.4830839,164.903
18.48888889,164.983
18.49469388,165.352
18.50049887,165.675
18.50630385,165.571
18.51210884,166.007
18.51791383,166.045
18.52371882,166.302
18.52952381,166.407
18.5353288,166.429
18.54113379,166.608
18.54693878,166.528
18.55274376,166.509
18.55854875,166.524
18.56435374,166.337
18.57015873,166.255
18.57596372,166.199
18.58176871,165.989
18.5875737,165.925
18.59337868,165.888
18.59918367,165.777
18.60498866,165.776
18.61079365,165.896
18.61659864,165.881
18.62240363,166.064
18.62820862,166.179
18.63401361,166.156
18.63981859,166.236
18.64562358,166.283
18.65142857,166.278
18.65723356,166.319
18.66303855,166.248
18.66884354,166.279
18.67464853,166.332
18.68045351,166.393
18.6862585,166.515
18.69206349,166.515
18.69786848,166.447
18.70367347,166.506
18.70947846,166.435
18.71528345,166.38
18.72108844,166.413
18.72689342,166.374
18.73269841,166.426
18.7385034,166.487
18.74430839,166.482
18.75011338,166.49
18.75591837,166.577
18.76172336,166.528
18.76752834,166.63
18.77333333,166.652
18.77913832,166.555
18.78494331,166.526
18.7907483,166.35
18.79655329,166.282
18.80235828,166.181
18.80816327,166.081
18.81396825,166.049
18.81977324,165.918
18.82557823,165.893
18.83138322,165.865
18.83718821,165.826
18.8429932,165.839
18.84879819,165.85
18.85460317,165.849
18.86040816,165.951
18.86621315,165.927
18.87201814,165.94
18.87782313,166.045
18.88362812,166.009
18.88943311,166.049
18.8952381,166.014
18.90104308,165.873
18.90684807,165.802
18.91265306,165.613
18.91845805,165.381
18.92426304,165.131
18.93006803,164.756
18.93587302,164.592
18.941678,164.447
18.94748299,164.535
18.95328798,164.941
18.95909297,165.117
18.96489796,165.717
18.97070295,165.503
18.97650794,165.07
18.98231293,165.148
18.98811791,165.053
18.9939229,165.271
18.99972789,165.601
19.00553288,165.707
19.01133787,165.864
19.01714286,166.038
19.02294785,165.99
19.02875283,165.911
19.03455782,166.389
19.04036281,166.31
19.0461678,166.59
19.05197279,165.901
19.06358277,201.653
19.06938776,200.909
19.07519274,199.526
19.08099773,201.193
19.08680272,200.706
19.09260771,201.108
19.0984127,201.084
19.10421769,200.659
19.11002268,201.583
19.11582766,201.128
19.12163265,200.932
19.12743764,199.862
19.13324263,199.015
19.13904762,198.643
19.14485261,198.893
19.1506576,198.62
19.15646259,198.691
19.16226757,198.793
19.16807256,198.74
19.17387755,199.39
19.17968254,198.977
19.18548753,198.955
19.19129252,199.222
19.19709751,198.993
19.20290249,199.28
19.20870748,199.082
19.21451247,198.927
19.22031746,198.94
19.22612245,199.028
19.23192744,199.166
19.23773243,199.051
19.24353741,199.12
19.2493424,199.042
19.25514739,199.133
19.26095238,199.324
19.26675737,199.306
19.27256236,199.313
19.27836735,199.251
19.28417234,199.158
19.28997732,199.101
19.29578231,199.081
19.3015873,198.926
19.30739229,198.826
19.31319728,198.715
19.31900227,198.53
19.32480726,198.464
19.33061224,198.448
19.33641723,198.393
19.34222222,198.4
19.34802721,198.364
19.3538322,198.353
19.35963719,198.365
19.36544218,198.315
19.37124717,198.263
19.37705215,198.146
19.38285714,198.126
19.38866213,198.173
19.39446712,198.244
19.40027211,198.275
19.4060771,198.283
19.41188209,198.328
19.41768707,198.253
19.42349206,198.231
19.42929705,198.166
19.43510204,198.085
19.44090703,198.108
19.44671202,198.125
19.45251701,198.143
19.458322,198.073
19.46412698,198.089
19.46993197,198.117
19.47573696,198.133
19.48154195,198.147
19.48734694,198.13
19.49315193,198.108
19.49895692,198.05
19.5047619,198.138
19.51056689,198.105
19.51637188,198.069
19.52217687,198.166
19.52798186,198.097
19.53378685,198.212
19.53959184,198.097
19.54539683,198.111
19.55120181,198.191
19.5570068,198.055
19.56281179,198.24
19.56861678,198.099
19.57442177,198.123
19.58022676,198.183
19.58603175,198.194
19.59183673,198.31
19.59764172,198.216
19.60344671,198.332
19.6092517,198.243
19.61505669,198.333
19.62086168,198.348
19.62666667,198.378
19.63247166,198.508
19.63827664,198.479
19.64408163,198.594
19.64988662,198.579
19.65569161,198.572
19.6614966,198.646
19.66730159,198.653
19.67310658,198.682
19.67891156,198.652
19.68471655,198.564
19.69052154,198.536
19.69632653,198.485
19.70213152,198.433
19.70793651,198.326
19.7137415,198.352
19.71954649,198.25
19.72535147,198.169
19.73115646,198.164
19.73696145,198.048
19.74276644,197.985
19.74857143,197.928
19.75437642,197.841
19.76018141,197.741
19.76598639,197.612
19.77179138,197.606
19.77759637,197.602
19.78340136,197.536
19.78920635,197.614
19.79501134,197.551
19.80081633,197.544
19.80662132,197.549
19.8124263,197.544
19.81823129,197.476
19.82403628,197.421
19.82984127,197.452
19.83564626,197.444
19.84145125,197.657
19.84725624,197.891
19.85306122,198.016
19.85886621,198.252
19.8646712,198.37
19.87047619,198.317
19.87628118,198.412
19.88208617,198.44
19.88789116,198.474
19.89369615,198.65
19.89950113,198.709
19.90530612,198.714
19.91111111,198.81
19.9169161,198.839
19.92272109,198.889
19.92852608,198.901
19.93433107,198.755
19.94013605,198.686
19.94594104,198.605
19.95174603,198.532
19.95755102,198.42
19.96335601,198.309
19.969161,198.204
19.97496599,197.958
19.98077098,197.836
19.98657596,197.624
19.99238095,197.352
19.99818594,197.201
20.00399093,197.031
20.00979592,196.83
20.01560091,196.674
20.0214059,196.538
20.02721088,196.452
20.03301587,196.575
20.03882086,197.081
20.04462585,197.587
20.05043084,198.018
20.05623583,198.55
20.06204082,198.621
20.0678458,198.613
20.07365079,198.525
20.07945578,198.499
20.08526077,198.496
20.09106576,198.677
20.09687075,198.897
20.10267574,198.926
20.10848073,198.943
20.11428571,198.867
20.1200907,198.832
20.12589569,198.735
20.13170068,198.648
20.13750567,198.635
20.14331066,198.551
20.14911565,198.546
20.15492063,198.494
20.16072562,198.364
20.16653061,198.221
20.1723356,198.098
20.17814059,198.019
20.18394558,197.863
20.18975057,197.659
20.19555556,197.508
20.20136054,197.28
20.20716553,197.064
20.21297052,196.985
20.21877551,196.908
20.2245805,197.034
20.23038549,197.47
20.23619048,197.725
20.24199546,197.999
20.24780045,198.115
20.25360544,198.16
20.25941043,198.243
20.26521542,198.361
20.27102041,198.611
20.2768254,198.854
20.28263039,199.05
20.28843537,199.088
20.29424036,199.138
20.30004535,198.941
20.30585034,198.864
20.31165533,198.685
20.31746032,198.574
20.32326531,198.676
20.32907029,198.514
20.33487528,198.531
20.34068027,198.441
20.34648526,198.318
20.35229025,198.218
20.35809524,198.039
20.36390023,197.859
20.36970522,197.617
20.3755102,197.509
20.38131519,197.377
20.38712018,197.246
20.39292517,197.271
20.39873016,197.341
20.40453515,197.356
20.41034014,197.538
20.41614512,197.547
20.42195011,197.659
20.4277551,197.71
20.43356009,197.838
20.43936508,198.023
20.44517007,198.013
20.45097506,198.231
20.45678005,198.248
20.46258503,198.442
20.46839002,198.577
20.47419501,198.659
20.48,198.831
20.48580499,198.834
20.49160998,198.918
20.49741497,198.863
20.50321995,198.817
20.50902494,198.827
20.51482993,198.76
20.52063492,198.796
20.52643991,198.725
20.5322449,198.689
20.53804989,198.726
20.54385488,198.677
20.54965986,198.559
20.55546485,198.559
20.56126984,198.435
20.56707483,198.309
20.57287982,198.934
20.57868481,199.171
20.5844898,198.791
20.59029478,198.922
20.59609977,198.928
20.60190476,199.11
20.60770975,199.149
20.61351474,199.062
20.61931973,198.425
20.62512472,198.183
20.63092971,198.135
20.63673469,198.094
20.64253968,198.108
20.64834467,198.011
20.65414966,197.967
20.65995465,197.96
20.66575964,197.997
20.67156463,197.919
20.67736961,197.944
20.6831746,197.924
20.68897959,197.954
20.69478458,198.058
20.70058957,198.027
20.70639456,198.001
20.71219955,197.894
20.71800454,197.883
20.76444444,133.154
20.77024943,134.563
20.77605442,136.574
20.78185941,135.932
20.7876644,136.18
20.79346939,136.579
20.79927438,136.536
20.80507937,136.568
20.81088435,136.599
20.81668934,136.445
20.82249433,136.294
20.82829932,136.387
20.83410431,136.139
20.8399093,136.303
20.84571429,136.184
20.85151927,136.349
20.85732426,136.487
20.86312925,136.643
20.86893424,136.723
20.87473923,136.834
20.88054422,137
20.88634921,137.11
20.8921542,137.177
20.89795918,137.176
20.90376417,137.179
20.90956916,137.064
20.91537415,137.088
20.92117914,137.109
20.92698413,137.135
20.93278912,137.07
20.9385941,137.125
20.94439909,137.237
20.95020408,137.247
20.95600907,137.312
20.96181406,137.213
20.96761905,137.111
20.97342404,136.985
20.97922902,136.897
20.98503401,136.843
20.990839,136.665
20.99664399,136.414
21.00244898,136.051
21.00825397,135.9
21.01405896,135.747
21.01986395,135.392
21.02566893,135.18
21.03147392,134.952
21.03727891,134.83
21.0430839,134.905
21.04888889,135.372
21.05469388,135.403
21.06049887,135.545
21.06630385,135.739
21.07210884,135.595
21.07791383,135.523
21.08371882,135.597
21.08952381,135.599
21.0953288,134.244
21.10113379,132.308
21.10693878,132.633
21.11274376,131.97
21.11854875,131.001
21.12435374,130.546
21.13015873,130.332
21.13596372,130.185
21.14176871,129.826
21.1475737,129.808
21.15337868,129.922
21.15918367,129.957
21.16498866,129.921
21.17079365,129.826
21.17659864,129.7
21.18240363,129.641
21.18820862,129.698
21.19401361,129.684
21.19981859,129.763
21.20562358,129.736
21.21142857,130.022
21.21723356,130.471
21.22303855,130.805
21.22884354,130.916
21.23464853,131.063
21.24045351,131.168
21.2462585,131.225
21.25206349,131.376
21.25786848,131.69
21.26367347,131.917
21.26947846,131.856
21.27528345,131.652
21.28108844,131.031
21.28689342,131.069
21.29269841,131.212
21.2985034,131.049
21.30430839,131.115
21.31011338,131.901
21.31591837,133.238
21.32172336,135.761
21.32752834,135.905
21.33333333,138.44
21.33913832,139.09
21.34494331,138.98
21.3507483,139.055
21.35655329,138.986
21.36235828,138.781
21.36816327,138.808
21.37396825,138.644
21.37977324,138.679
21.38557823,138.659
21.39138322,138.376
21.39718821,137.984
21.4029932,137.737
21.40879819,137.629
21.41460317,137.584
21.42040816,137.476
21.42621315,137.158
21.43201814,136.818
21.43782313,136.665
21.44362812,136.443
21.44943311,136.041
21.4552381,136.157
21.46104308,136.39
21.46684807,136.107
21.47265306,136.719
21.47845805,136.795
21.48426304,137.008
21.49006803,137.757
21.49587302,137.708
21.501678,137.629
21.50748299,136.187
21.51328798,136.096
21.51909297,135.302
21.52489796,133.445
21.53070295,131.794
21.53650794,130.748
21.54231293,130.997
21.54811791,130.772
21.5539229,130.246
21.55972789,130.144
21.56553288,129.987
21.57133787,129.795
21.57714286,129.897
21.58294785,129.69
21.58875283,129.709
21.59455782,129.309
21.60036281,129.392
21.6061678,129.211
21.61197279,129.102
21.61777778,129.342
21.62358277,129.363
21.62938776,129.797
21.63519274,129.809
21.64099773,130.266
21.64680272,130.789
21.65260771,131.323
21.6584127,131.478
21.66421769,131.748
21.67002268,131.928
21.67582766,132.072
21.68163265,132.201
21.68743764,132.269
21.69324263,132.467
21.69904762,132.582
21.70485261,132.96
21.7106576,132.236
21.71646259,131.781
21.72226757,132.138
21.72807256,132.187
21.73387755,133.045
21.73968254,142.807
21.74548753,145.086
21.75129252,145.267
21.75709751,147.963
21.76290249,148.904
21.76870748,150.604
21.77451247,151.315
21.78031746,152.207
21.78612245,153.645
21.79192744,154.009
21.79773243,155.116
21.80353741,155.443
21.8093424,155.908
21.81514739,156.477
21.82095238,156.607
21.82675737,156.618
21.83256236,157.383
21.83836735,157.46
21.84417234,156.617
21.84997732,156.449
21.85578231,156.548
21.8615873,156.658
21.86739229,157.673
21.87319728,157.543
21.87900227,157.514
21.88480726,157.661
21.89061224,157.109
21.89641723,157.29
21.90222222,157.024
21.90802721,156.793
21.9138322,156.948
21.91963719,156.773
21.92544218,157.051
21.93124717,157.073
21.93705215,157.023
21.94285714,157.13
21.94866213,157.044
21.95446712,157.096
21.96027211,157.065
21.9660771,157.028
21.97188209,157.024
21.97768707,157.035
21.98349206,157.101
21.98929705,157.04
21.99510204,157.005
22.00090703,156.924
22.00671202,156.892
22.01251701,156.809
22.018322,156.686
22.02412698,156.819
22.02993197,156.922
22.03573696,157.092
22.04154195,157.336
22.04734694,157.443
22.05315193,157.443
22.05895692,157.424
22.0647619,157.333
22.07056689,157.274
22.07637188,157.105
22.08217687,156.99
22.08798186,156.882
22.09378685,156.732
22.09959184,156.76
22.10539683,156.767
22.11120181,156.822
22.1170068,156.854
22.12281179,156.92
22.12861678,157.04
22.13442177,157.151
22.14022676,157.114
22.14603175,157.2
22.15183673,157.253
22.15764172,157.194
22.16344671,157.241
22.1692517,157.15
22.17505669,157.124
22.18086168,157.134
22.18666667,157.056
22.19247166,157.051
22.19827664,156.974
22.20408163,156.918
22.20988662,156.89
22.21569161,156.897
22.2214966,156.904
22.22730159,156.963
22.23310658,157.042
22.23891156,157.072
22.24471655,157.135
22.25052154,157.168
22.25632653,157.178
22.26213152,157.226
22.26793651,157.159
22.2737415,157.184
22.27954649,157.145
22.28535147,157.087
22.29115646,157.053
22.29696145,156.964
22.30276644,156.896
22.30857143,156.854
22.31437642,156.835
22.32018141,156.812
22.32598639,156.8
22.33179138,156.733
22.33759637,156.675
22.34340136,156.599
22.34920635,156.551
22.35501134,156.522
22.36081633,156.486
22.36662132,156.468
22.3724263,156.416
22.37823129,156.392
22.38403628,156.263
22.38984127,156.161
22.39564626,156.021
22.40145125,155.999
22.40725624,156.102
22.41306122,156.076
22.41886621,156.187
22.4246712,156.266
22.43047619,156.1
22.43628118,156.115
22.44208617,156.037
22.44789116,156.01
22.45369615,156.026
22.45950113,156.09
22.46530612,156.166
22.47111111,156.153
22.4769161,156.365
22.48272109,156.501
22.48852608,156.632
22.49433107,156.882
22.50013605,156.976
22.50594104,157.106
22.51174603,157.312
22.51755102,157.422
22.52335601,157.455
22.529161,157.505
22.53496599,157.425
22.54077098,157.393
22.54657596,157.335
22.55238095,157.275
22.55818594,157.246
22.56399093,157.16
22.56979592,157.142
22.57560091,157.03
22.5814059,156.916
22.58721088,156.789
22.59301587,156.673
22.59882086,156.515
22.60462585,156.3
22.61043084,156.107
22.61623583,155.918
22.62204082,155.759
22.6278458,155.665
22.63365079,155.639
22.63945578,155.522
22.64526077,155.509
22.65106576,155.559
22.65687075,155.563
22.66267574,155.756
22.66848073,155.848
22.67428571,155.947
22.6800907,156.17
22.68589569,156.345
22.69170068,156.464
22.69750567,156.662
22.70331066,156.856
22.70911565,157.051
22.71492063,157.17
22.72072562,157.364
22.72653061,157.504
22.7323356,157.536
22.73814059,157.548
22.74394558,157.459
22.74975057,157.333
22.75555556,157.28
22.76136054,157.21
22.76716553,157.177
22.77297052,157.131
22.77877551,157.081
22.7845805,157.115
22.79038549,157.111
22.79619048,157.088
22.80199546,157.059
22.80780045,156.938
22.81360544,156.796
22.81941043,156.695
22.82521542,156.602
22.83102041,156.489
22.8368254,156.398
22.84263039,156.274
22.84843537,156.205
22.85424036,156.159
22.86004535,156.108
22.86585034,156.101
22.87165533,156.237
22.87746032,156.345
22.88326531,156.467
22.88907029,156.589
22.89487528,156.676
22.90068027,156.893
22.90648526,157.12
22.91229025,157.287
22.91809524,157.567
22.92390023,157.707
22.92970522,157.854
22.9355102,157.884
22.94131519,157.726
22.94712018,157.659
22.95292517,157.631
22.95873016,157.526
22.96453515,157.462
22.97034014,157.415
22.97614512,157.358
22.98195011,157.32
22.9877551,157.376
22.99356009,157.42
22.99936508,157.397
23.00517007,157.426
23.01097506,157.318
23.01678005,157.117
23.02258503,157.046
23.02839002,156.923
23.03419501,156.823
23.04,156.753
23.04580499,156.738
23.05160998,156.771
23.05741497,156.754
23.06321995,156.865
23.06902494,156.946
23.07482993,156.875
23.08063492,156.923
23.08643991,156.914
23.0922449,156.923
23.09804989,157.021
23.10385488,157.058
23.10965986,157.108
23.11546485,157.102
23.12126984,157.128
23.12707483,157.274
23.13287982,157.306
23.13868481,157.369
23.1444898,157.47
23.15029478,157.446
23.15609977,157.442
23.16190476,157.511
23.16770975,157.518
23.17351474,157.612
23.17931973,157.851
23.18512472,158.149
23.19092971,158.403
23.19673469,158.576
23.20253968,158.582
23.20834467,158.243
23.21414966,158.277
23.21995465,158.397
23.22575964,157.968
23.23156463,157.872
23.23736961,157.772
23.2431746,157.73
23.24897959,158.275
23.27219955,220.143
23.27800454,218.263
23.28380952,218.973
23.28961451,221.348
23.2954195,220.76
23.30122449,221.475
23.30702948,220.178
23.31283447,219.813
23.31863946,221.204
23.32444444,221.263
23.33024943,220.811
23.33605442,220.896
23.34185941,221.25
23.3476644,221.399
23.35346939,221.197
23.35927438,221.022
23.36507937,221.036
23.37088435,220.902
23.37668934,221.278
23.38249433,220.93
23.38829932,220.462
23.39410431,220.475
23.3999093,220.667
23.40571429,220.684
23.41151927,220.552
23.41732426,219.855
23.42312925,219.569
23.42893424,219.821
23.43473923,219.535
23.44054422,219.545
23.44634921,219.498
23.4521542,219.282
23.45795918,219.332
23.46376417,219.908
23.46956916,219.695
23.47537415,219.724
23.48117914,219.627
23.48698413,219.133
23.49278912,219.505
23.4985941,219.5
23.50439909,219.583
23.51020408,219.676
23.51600907,219.462
23.52181406,219.28
23.52761905,219.213
23.53342404,219.306
23.53922902,219.411
23.54503401,219.566
23.550839,219.7
23.55664399,219.66
23.56244898,219.726
23.56825397,219.718
23.57405896,219.621
23.57986395,219.555
23.58566893,219.28
23.59147392,219.056
23.59727891,219.143
23.6030839,219.226
23.60888889,219.305
23.61469388,219.423
23.62049887,219.3
23.62630385,219.298
23.63210884,219.38
23.63791383,219.481
23.64371882,219.469
23.64952381,219.323
23.6553288,219.135
23.66113379,219.181
23.66693878,219.089
23.67274376,219.034
23.67854875,219.044
23.68435374,218.787
23.69015873,218.76
23.69596372,218.782
23.70176871,218.83
23.7075737,218.853
23.71337868,218.841
23.71918367,218.75
23.72498866,218.738
23.73079365,218.632
23.73659864,218.798
23.74240363,218.956
23.74820862,219.065
23.75401361,219.268
23.75981859,219.417
23.76562358,219.507
23.77142857,219.478
23.77723356,219.548
23.78303855,219.505
23.78884354,219.472
23.79464853,219.538
23.80045351,219.796
23.8062585,219.918
23.81206349,220.16
23.81786848,220.302
23.82367347,220.344
23.82947846,220.428
23.83528345,220.381
23.84108844,220.21
23.84689342,219.891
23.85269841,219.818
23.8585034,219.556
23.86430839,219.357
23.87011338,219.316
23.87591837,219.066
23.88172336,219
23.88752834,218.837
23.89333333,218.704
23.89913832,218.513
23.90494331,218.365
23.9107483,218.087
23.91655329,218.017
23.92235828,218.56
23.92816327,218.86
23.93396825,219.332
23.93977324,219.557
23.94557823,219.573
23.95138322,219.759
23.95718821,219.868
23.9629932,219.935
23.96879819,220.219
23.97460317,220.487
23.98040816,220.825
23.98621315,220.915
23.99201814,220.95
23.99782313,220.977
24.00362812,220.731
24.00943311,220.535
24.0152381,220.295
24.02104308,220.065
24.02684807,220.002
24.03265306,220.181
24.03845805,219.893
24.04426304,219.592
24.05006803,219.153
24.05587302,218.941
24.061678,218.964
24.06748299,218.98
24.07328798,219.052
24.07909297,218.983
24.08489796,219.086
24.09070295,219.169
24.09650794,219.209
24.10231293,219.312
24.10811791,219.244
24.1139229,219.303
24.11972789,219.36
24.12553288,219.364
24.13133787,219.423
24.13714286,219.333
24.14294785,219.278
24.14875283,219.351
24.15455782,219.38
24.16036281,219.373
24.1661678,219.382
24.17197279,219.365
